0,0a,27 8 2016 02:36:45 +0800,14 6 2020 12:54:04 +0800,HAPPY EVERYDAY,null,null,null
1,1b,27 6 2021 11:19:54 +0800,11 11 2012 05:34:55 +0800,HAPPY EVERYDAY,null,null,null
2,2c,8 9 2008 09:20:55 +0800,27 8 2016 11:47:01 +0800,HAPPY EVERYDAY,null,null,null
3,3d,17 9 2014 02:18:17 +0800,21 10 2019 15:20:37 +0800,HAPPY EVERYDAY,null,null,null
4,4e,11 9 2020 19:56:02 +0800,14 10 2022 11:44:59 +0800,HAPPY EVERYDAY,null,null,null
5,5f,5 11 2013 16:19:29 +0800,16 12 2013 22:44:58 +0800,HAPPY EVERYDAY,null,null,null
6,6g,1 4 2018 16:29:32 +0800,8 5 2015 21:41:45 +0800,HAPPY EVERYDAY,null,null,null
7,7h,1 5 2006 16:31:34 +0800,1 11 2013 19:27:22 +0800,HAPPY EVERYDAY,null,null,null
8,8i,10 3 2010 05:41:44 +0800,19 2 2020 23:42:26 +0800,HAPPY EVERYDAY,null,null,null
800,800u,6 3 2014 03:38:35 +0800,16 1 2016 11:22:38 +0800,HAPPY EVERYDAY,null,null,null
9,9j,17 4 2006 10:14:55 +0800,16 10 2003 15:15:43 +0800,HAPPY EVERYDAY,null,null,null
801,801v,12 1 2001 01:48:58 +0800,17 11 2015 09:07:10 +0800,HAPPY EVERYDAY,null,null,null
802,802w,13 11 2019 21:31:38 +0800,11 12 2013 14:33:34 +0800,HAPPY EVERYDAY,null,null,null
803,803x,8 4 2012 09:53:03 +0800,21 7 2018 09:02:39 +0800,HAPPY EVERYDAY,null,null,null
804,804y,25 5 2015 10:29:18 +0800,18 3 2019 09:26:46 +0800,HAPPY EVERYDAY,null,null,null
805,805z,13 9 2004 14:06:34 +0800,26 7 2014 01:28:27 +0800,HAPPY EVERYDAY,null,null,null
806,806a,1 11 2000 19:28:13 +0800,23 7 2010 22:13:12 +0800,HAPPY EVERYDAY,null,null,null
807,807b,15 7 2017 06:56:17 +0800,28 2 2017 15:37:08 +0800,HAPPY EVERYDAY,null,null,null
808,808c,11 3 2015 04:07:46 +0800,27 10 2021 12:36:01 +0800,HAPPY EVERYDAY,null,null,null
809,809d,20 10 2017 18:22:29 +0800,8 12 2015 23:11:35 +0800,HAPPY EVERYDAY,null,null,null
810,810e,13 2 2003 10:20:14 +0800,5 11 2011 19:23:01 +0800,HAPPY EVERYDAY,null,null,null
811,811f,9 6 2011 08:45:48 +0800,4 3 2017 01:22:48 +0800,HAPPY EVERYDAY,null,null,null
812,812g,2 1 2007 08:45:36 +0800,16 5 2014 16:26:11 +0800,HAPPY EVERYDAY,null,null,null
813,813h,8 1 2003 11:21:42 +0800,12 4 2022 05:47:02 +0800,HAPPY EVERYDAY,null,null,null
814,814i,12 3 2020 07:37:47 +0800,7 8 2020 15:46:03 +0800,HAPPY EVERYDAY,null,null,null
815,815j,1 5 2010 19:43:37 +0800,16 4 2017 17:20:11 +0800,HAPPY EVERYDAY,null,null,null
816,816k,26 6 2015 10:09:57 +0800,16 5 2021 16:04:17 +0800,HAPPY EVERYDAY,null,null,null
817,817l,5 9 2019 04:24:32 +0800,15 8 2017 13:07:49 +0800,HAPPY EVERYDAY,null,null,null
818,818m,23 6 2000 10:10:41 +0800,27 1 2021 04:37:44 +0800,HAPPY EVERYDAY,null,null,null
819,819n,5 8 2013 07:18:52 +0800,21 9 2012 17:00:47 +0800,HAPPY EVERYDAY,null,null,null
820,820o,10 11 2002 12:16:56 +0800,5 8 2012 12:02:32 +0800,HAPPY EVERYDAY,null,null,null
821,821p,21 5 2021 07:47:29 +0800,26 2 2002 16:43:23 +0800,HAPPY EVERYDAY,null,null,null
822,822q,3 7 2016 00:07:52 +0800,28 12 2019 17:58:53 +0800,HAPPY EVERYDAY,null,null,null
823,823r,29 7 2019 03:29:38 +0800,6 2 2015 09:34:11 +0800,HAPPY EVERYDAY,null,null,null
824,824s,1 9 2013 10:41:10 +0800,1 5 2020 02:30:45 +0800,HAPPY EVERYDAY,null,null,null
825,825t,9 2 2020 06:50:28 +0800,26 4 2017 15:55:32 +0800,HAPPY EVERYDAY,null,null,null
826,826u,6 8 2015 09:22:37 +0800,7 6 2017 18:09:26 +0800,HAPPY EVERYDAY,null,null,null
827,827v,25 7 2002 14:58:26 +0800,4 11 2017 16:46:20 +0800,HAPPY EVERYDAY,null,null,null
828,828w,24 3 2010 16:14:57 +0800,11 4 2008 18:46:05 +0800,HAPPY EVERYDAY,null,null,null
829,829x,7 10 2017 19:38:46 +0800,9 3 2009 21:18:12 +0800,HAPPY EVERYDAY,null,null,null
830,830y,21 5 2002 09:23:06 +0800,3 12 2017 02:46:01 +0800,HAPPY EVERYDAY,null,null,null
831,831z,20 6 2013 10:25:15 +0800,6 10 2019 16:02:50 +0800,HAPPY EVERYDAY,null,null,null
832,832a,18 1 2012 03:11:23 +0800,28 10 2016 07:57:17 +0800,HAPPY EVERYDAY,null,null,null
833,833b,18 6 2008 15:18:18 +0800,2 3 2019 14:07:22 +0800,HAPPY EVERYDAY,null,null,null
834,834c,16 7 2005 08:39:02 +0800,8 10 2015 13:50:23 +0800,HAPPY EVERYDAY,null,null,null
835,835d,11 6 2009 17:55:07 +0800,13 11 2019 06:53:25 +0800,HAPPY EVERYDAY,null,null,null
836,836e,23 3 2007 01:32:32 +0800,24 3 2005 02:15:15 +0800,HAPPY EVERYDAY,null,null,null
837,837f,27 11 2019 14:57:08 +0800,24 10 2019 02:22:50 +0800,HAPPY EVERYDAY,null,null,null
838,838g,15 11 2006 14:36:40 +0800,26 9 2007 13:01:18 +0800,HAPPY EVERYDAY,null,null,null
839,839h,6 10 2010 03:12:04 +0800,17 4 2016 20:10:57 +0800,HAPPY EVERYDAY,null,null,null
840,840i,9 3 2011 09:00:43 +0800,9 10 2006 16:53:13 +0800,HAPPY EVERYDAY,null,null,null
841,841j,3 9 2016 20:08:31 +0800,10 6 2013 12:04:17 +0800,HAPPY EVERYDAY,null,null,null
600,600c,25 10 2012 12:59:58 +0800,19 2 2014 16:16:40 +0800,HAPPY EVERYDAY,null,null,null
842,842k,2 7 2016 06:01:24 +0800,22 9 2016 12:32:41 +0800,HAPPY EVERYDAY,null,null,null
601,601d,16 11 2013 08:01:22 +0800,27 1 2020 17:59:54 +0800,HAPPY EVERYDAY,null,null,null
843,843l,29 4 2012 00:26:16 +0800,25 3 2013 15:48:59 +0800,HAPPY EVERYDAY,null,null,null
602,602e,9 11 2018 04:00:57 +0800,11 1 2010 09:23:45 +0800,HAPPY EVERYDAY,null,null,null
844,844m,11 1 2000 14:03:24 +0800,22 9 2018 17:40:46 +0800,HAPPY EVERYDAY,null,null,null
603,603f,12 5 2017 19:09:45 +0800,16 7 2009 13:21:43 +0800,HAPPY EVERYDAY,null,null,null
845,845n,25 1 2017 06:38:41 +0800,3 7 2004 08:04:51 +0800,HAPPY EVERYDAY,null,null,null
604,604g,28 11 2012 17:43:56 +0800,19 4 2005 18:02:38 +0800,HAPPY EVERYDAY,null,null,null
846,846o,16 8 2021 08:25:09 +0800,26 10 2017 06:16:48 +0800,HAPPY EVERYDAY,null,null,null
605,605h,3 5 2001 06:07:19 +0800,7 7 2013 21:12:02 +0800,HAPPY EVERYDAY,null,null,null
847,847p,26 7 2021 08:22:18 +0800,15 5 2010 09:54:37 +0800,HAPPY EVERYDAY,null,null,null
606,606i,9 11 2017 13:49:45 +0800,9 10 2014 15:53:10 +0800,HAPPY EVERYDAY,null,null,null
848,848q,10 1 2010 16:55:55 +0800,10 4 2020 16:44:39 +0800,HAPPY EVERYDAY,null,null,null
607,607j,21 6 2018 07:15:35 +0800,29 6 2018 06:29:23 +0800,HAPPY EVERYDAY,null,null,null
849,849r,16 4 2012 21:30:03 +0800,24 8 2017 08:56:39 +0800,HAPPY EVERYDAY,null,null,null
608,608k,4 10 2013 15:43:58 +0800,30 8 2016 16:14:44 +0800,HAPPY EVERYDAY,null,null,null
609,609l,26 6 2006 02:56:04 +0800,22 11 2014 05:40:04 +0800,HAPPY EVERYDAY,null,null,null
850,850s,3 4 2009 11:47:34 +0800,6 11 2019 13:49:23 +0800,HAPPY EVERYDAY,null,null,null
851,851t,1 9 2013 20:24:38 +0800,24 12 2014 13:39:34 +0800,HAPPY EVERYDAY,null,null,null
610,610m,19 4 2009 11:32:48 +0800,26 6 2020 06:56:07 +0800,HAPPY EVERYDAY,null,null,null
852,852u,20 10 2015 06:48:33 +0800,17 12 2006 05:13:09 +0800,HAPPY EVERYDAY,null,null,null
611,611n,15 9 2017 18:43:20 +0800,6 10 2021 15:41:08 +0800,HAPPY EVERYDAY,null,null,null
853,853v,4 2 2002 15:38:36 +0800,5 11 2009 15:41:51 +0800,HAPPY EVERYDAY,null,null,null
612,612o,5 11 2000 06:33:12 +0800,23 5 2021 07:05:41 +0800,HAPPY EVERYDAY,null,null,null
854,854w,1 6 2007 16:05:47 +0800,16 7 2007 23:01:45 +0800,HAPPY EVERYDAY,null,null,null
613,613p,19 2 2002 06:40:16 +0800,8 8 2016 12:00:17 +0800,HAPPY EVERYDAY,null,null,null
855,855x,16 3 2003 10:24:14 +0800,28 8 2018 19:56:50 +0800,HAPPY EVERYDAY,null,null,null
614,614q,29 5 2015 14:08:43 +0800,7 3 2020 09:52:18 +0800,HAPPY EVERYDAY,null,null,null
856,856y,6 5 2009 04:59:48 +0800,10 3 2014 00:26:31 +0800,HAPPY EVERYDAY,null,null,null
615,615r,13 6 2020 21:19:31 +0800,15 9 2015 18:46:44 +0800,HAPPY EVERYDAY,null,null,null
857,857z,12 8 2019 02:21:06 +0800,10 11 2015 09:39:23 +0800,HAPPY EVERYDAY,null,null,null
616,616s,18 11 2008 05:25:35 +0800,29 4 2020 18:09:03 +0800,HAPPY EVERYDAY,null,null,null
858,858a,5 8 2016 13:25:13 +0800,28 10 2013 17:44:46 +0800,HAPPY EVERYDAY,null,null,null
617,617t,10 8 2017 14:21:32 +0800,20 9 2020 18:58:34 +0800,HAPPY EVERYDAY,null,null,null
859,859b,10 6 2017 01:09:14 +0800,17 4 2017 12:24:59 +0800,HAPPY EVERYDAY,null,null,null
618,618u,29 2 2000 05:48:29 +0800,17 6 2019 02:54:31 +0800,HAPPY EVERYDAY,null,null,null
619,619v,21 10 2017 17:11:31 +0800,6 3 2021 05:53:25 +0800,HAPPY EVERYDAY,null,null,null
860,860c,6 4 2012 23:40:28 +0800,1 4 2017 14:14:09 +0800,HAPPY EVERYDAY,null,null,null
861,861d,29 9 2018 22:51:28 +0800,19 6 2006 09:57:48 +0800,HAPPY EVERYDAY,null,null,null
620,620w,27 8 2002 06:08:52 +0800,5 4 2011 18:19:40 +0800,HAPPY EVERYDAY,null,null,null
862,862e,7 4 2013 14:58:03 +0800,25 12 2022 20:56:24 +0800,HAPPY EVERYDAY,null,null,null
621,621x,1 4 2006 09:09:28 +0800,7 3 2017 18:48:17 +0800,HAPPY EVERYDAY,null,null,null
863,863f,2 8 2009 17:39:23 +0800,14 10 2010 20:05:11 +0800,HAPPY EVERYDAY,null,null,null
622,622y,14 11 2010 06:41:02 +0800,26 7 2011 15:31:04 +0800,HAPPY EVERYDAY,null,null,null
864,864g,3 4 2005 06:56:16 +0800,17 6 2020 19:29:28 +0800,HAPPY EVERYDAY,null,null,null
623,623z,21 1 2012 01:57:24 +0800,1 8 2019 06:03:43 +0800,HAPPY EVERYDAY,null,null,null
865,865h,19 9 2013 00:15:12 +0800,26 4 2010 21:09:46 +0800,HAPPY EVERYDAY,null,null,null
624,624a,25 5 2011 01:02:37 +0800,13 12 2014 10:33:44 +0800,HAPPY EVERYDAY,null,null,null
866,866i,10 6 2009 22:42:54 +0800,20 5 2005 14:22:39 +0800,HAPPY EVERYDAY,null,null,null
625,625b,15 8 2021 18:43:22 +0800,19 7 2014 11:49:16 +0800,HAPPY EVERYDAY,null,null,null
867,867j,15 9 2003 06:43:29 +0800,5 3 2016 09:40:33 +0800,HAPPY EVERYDAY,null,null,null
626,626c,11 7 2009 16:39:33 +0800,9 8 2011 22:32:10 +0800,HAPPY EVERYDAY,null,null,null
868,868k,23 3 2008 14:53:24 +0800,28 7 2019 16:22:13 +0800,HAPPY EVERYDAY,null,null,null
627,627d,9 5 2007 07:19:43 +0800,18 4 2020 14:18:27 +0800,HAPPY EVERYDAY,null,null,null
869,869l,15 7 2012 22:35:45 +0800,22 3 2017 13:10:21 +0800,HAPPY EVERYDAY,null,null,null
628,628e,5 2 2001 13:45:15 +0800,6 11 2011 10:57:46 +0800,HAPPY EVERYDAY,null,null,null
629,629f,23 11 2012 07:31:35 +0800,14 10 2020 18:10:39 +0800,HAPPY EVERYDAY,null,null,null
870,870m,4 7 2015 07:29:15 +0800,6 9 2018 07:00:24 +0800,HAPPY EVERYDAY,null,null,null
871,871n,2 9 2006 17:32:43 +0800,29 11 2022 19:24:52 +0800,HAPPY EVERYDAY,null,null,null
630,630g,21 7 2011 06:30:36 +0800,17 6 2019 03:23:16 +0800,HAPPY EVERYDAY,null,null,null
872,872o,12 5 2008 09:14:03 +0800,16 7 2018 09:54:56 +0800,HAPPY EVERYDAY,null,null,null
631,631h,18 3 2018 12:39:50 +0800,3 10 2019 19:42:07 +0800,HAPPY EVERYDAY,null,null,null
873,873p,6 7 2017 23:00:15 +0800,21 1 2012 09:10:00 +0800,HAPPY EVERYDAY,null,null,null
632,632i,28 3 2010 03:28:55 +0800,14 10 2016 08:21:09 +0800,HAPPY EVERYDAY,null,null,null
874,874q,17 1 2021 03:44:14 +0800,4 8 2014 08:54:10 +0800,HAPPY EVERYDAY,null,null,null
633,633j,23 7 2009 04:44:44 +0800,2 11 2018 06:07:20 +0800,HAPPY EVERYDAY,null,null,null
875,875r,9 5 2006 23:12:55 +0800,17 12 2007 02:04:51 +0800,HAPPY EVERYDAY,null,null,null
634,634k,26 5 2010 21:31:59 +0800,14 7 2022 19:07:14 +0800,HAPPY EVERYDAY,null,null,null
876,876s,23 7 2011 19:11:27 +0800,22 7 2017 13:18:05 +0800,HAPPY EVERYDAY,null,null,null
635,635l,27 7 2018 15:16:11 +0800,3 4 2017 01:46:01 +0800,HAPPY EVERYDAY,null,null,null
877,877t,25 4 2013 12:45:37 +0800,18 9 2016 09:59:36 +0800,HAPPY EVERYDAY,null,null,null
636,636m,28 1 2010 09:58:00 +0800,5 4 2022 15:17:14 +0800,HAPPY EVERYDAY,null,null,null
878,878u,3 4 2017 18:32:29 +0800,12 11 2016 06:56:32 +0800,HAPPY EVERYDAY,null,null,null
637,637n,1 4 2002 03:27:52 +0800,14 12 2011 10:27:21 +0800,HAPPY EVERYDAY,null,null,null
879,879v,8 9 2001 07:33:24 +0800,3 11 2009 15:03:21 +0800,HAPPY EVERYDAY,null,null,null
638,638o,13 5 2005 01:21:14 +0800,19 2 2010 03:43:59 +0800,HAPPY EVERYDAY,null,null,null
639,639p,27 1 2016 06:59:39 +0800,10 11 2021 04:22:53 +0800,HAPPY EVERYDAY,null,null,null
880,880w,15 7 2017 02:51:06 +0800,22 11 2019 12:05:40 +0800,HAPPY EVERYDAY,null,null,null
881,881x,18 2 2012 20:55:37 +0800,7 9 2015 10:16:05 +0800,HAPPY EVERYDAY,null,null,null
640,640q,9 11 2004 05:31:53 +0800,3 9 2004 00:08:42 +0800,HAPPY EVERYDAY,null,null,null
882,882y,3 4 2020 04:00:42 +0800,26 10 2012 13:10:04 +0800,HAPPY EVERYDAY,null,null,null
641,641r,5 1 2014 05:44:29 +0800,11 5 2021 02:57:03 +0800,HAPPY EVERYDAY,null,null,null
883,883z,28 4 2006 08:10:00 +0800,4 7 2008 09:41:54 +0800,HAPPY EVERYDAY,null,null,null
400,400k,15 2 2021 23:47:30 +0800,18 12 2014 19:35:58 +0800,HAPPY EVERYDAY,null,null,null
642,642s,14 5 2000 00:53:12 +0800,6 2 2020 01:09:26 +0800,HAPPY EVERYDAY,null,null,null
884,884a,23 11 2017 17:34:49 +0800,13 1 2016 19:43:02 +0800,HAPPY EVERYDAY,null,null,null
401,401l,22 11 2004 23:12:28 +0800,17 3 2019 23:28:59 +0800,HAPPY EVERYDAY,null,null,null
643,643t,29 8 2003 14:05:02 +0800,11 11 2001 11:28:33 +0800,HAPPY EVERYDAY,null,null,null
885,885b,4 7 2007 18:55:40 +0800,4 5 2014 01:08:06 +0800,HAPPY EVERYDAY,null,null,null
402,402m,15 9 2021 09:15:31 +0800,20 4 2021 03:14:35 +0800,HAPPY EVERYDAY,null,null,null
644,644u,13 1 2001 11:24:16 +0800,13 11 2006 12:17:40 +0800,HAPPY EVERYDAY,null,null,null
886,886c,4 7 2004 07:11:52 +0800,16 4 2022 23:11:40 +0800,HAPPY EVERYDAY,null,null,null
403,403n,18 6 2008 10:18:44 +0800,12 2 2011 18:24:06 +0800,HAPPY EVERYDAY,null,null,null
645,645v,1 9 2014 21:57:53 +0800,20 3 2009 23:29:58 +0800,HAPPY EVERYDAY,null,null,null
887,887d,22 5 2018 02:27:10 +0800,12 7 2018 21:23:59 +0800,HAPPY EVERYDAY,null,null,null
404,404o,7 9 2004 23:50:07 +0800,28 9 2000 22:35:46 +0800,HAPPY EVERYDAY,null,null,null
646,646w,23 2 2009 19:33:24 +0800,30 11 2007 00:31:09 +0800,HAPPY EVERYDAY,null,null,null
888,888e,12 2 2008 09:59:20 +0800,14 10 2020 23:27:32 +0800,HAPPY EVERYDAY,null,null,null
405,405p,22 7 2019 16:39:21 +0800,6 3 2012 09:48:46 +0800,HAPPY EVERYDAY,null,null,null
647,647x,22 3 2014 20:30:53 +0800,27 1 2021 22:33:49 +0800,HAPPY EVERYDAY,null,null,null
889,889f,16 6 2006 04:02:14 +0800,15 6 2020 09:16:48 +0800,HAPPY EVERYDAY,null,null,null
406,406q,4 4 2018 21:31:51 +0800,22 7 2010 19:41:33 +0800,HAPPY EVERYDAY,null,null,null
648,648y,7 7 2017 01:17:53 +0800,1 6 2021 05:59:27 +0800,HAPPY EVERYDAY,null,null,null
407,407r,19 2 2004 08:33:51 +0800,12 6 2002 10:25:16 +0800,HAPPY EVERYDAY,null,null,null
649,649z,25 5 2020 11:20:07 +0800,7 10 2020 08:44:25 +0800,HAPPY EVERYDAY,null,null,null
408,408s,19 11 2011 05:14:17 +0800,5 1 2005 03:42:21 +0800,HAPPY EVERYDAY,null,null,null
409,409t,11 10 2011 15:22:08 +0800,11 10 2007 14:27:40 +0800,HAPPY EVERYDAY,null,null,null
890,890g,29 8 2006 06:52:43 +0800,24 6 2008 00:52:19 +0800,HAPPY EVERYDAY,null,null,null
891,891h,5 5 2008 19:06:54 +0800,21 5 2020 23:56:59 +0800,HAPPY EVERYDAY,null,null,null
650,650a,2 1 2011 10:12:49 +0800,19 7 2012 08:12:22 +0800,HAPPY EVERYDAY,null,null,null
892,892i,11 4 2002 19:49:21 +0800,28 8 2015 12:57:52 +0800,HAPPY EVERYDAY,null,null,null
651,651b,7 11 2012 20:44:19 +0800,23 6 2019 00:40:07 +0800,HAPPY EVERYDAY,null,null,null
893,893j,5 8 2002 10:38:21 +0800,30 5 2021 06:46:44 +0800,HAPPY EVERYDAY,null,null,null
410,410u,14 3 2010 09:52:40 +0800,16 7 2022 23:43:32 +0800,HAPPY EVERYDAY,null,null,null
652,652c,14 6 2009 06:22:31 +0800,6 9 2021 15:46:54 +0800,HAPPY EVERYDAY,null,null,null
894,894k,4 2 2010 10:16:02 +0800,14 1 2015 19:09:52 +0800,HAPPY EVERYDAY,null,null,null
411,411v,22 4 2006 12:45:20 +0800,7 12 2020 06:07:21 +0800,HAPPY EVERYDAY,null,null,null
653,653d,4 6 2007 21:41:03 +0800,7 4 2017 12:59:38 +0800,HAPPY EVERYDAY,null,null,null
895,895l,18 5 2021 08:32:43 +0800,2 1 2021 10:01:52 +0800,HAPPY EVERYDAY,null,null,null
412,412w,8 8 2000 20:01:36 +0800,16 4 2006 19:30:37 +0800,HAPPY EVERYDAY,null,null,null
654,654e,18 11 2011 08:04:02 +0800,9 2 2019 23:36:49 +0800,HAPPY EVERYDAY,null,null,null
896,896m,11 5 2013 17:01:24 +0800,9 5 2012 21:06:04 +0800,HAPPY EVERYDAY,null,null,null
413,413x,8 1 2012 10:25:55 +0800,19 12 2007 09:26:48 +0800,HAPPY EVERYDAY,null,null,null
655,655f,20 2 2019 06:09:30 +0800,29 10 2018 16:32:16 +0800,HAPPY EVERYDAY,null,null,null
897,897n,13 10 2012 04:44:32 +0800,11 8 2016 08:29:15 +0800,HAPPY EVERYDAY,null,null,null
414,414y,2 4 2019 06:35:02 +0800,22 1 2008 11:42:06 +0800,HAPPY EVERYDAY,null,null,null
656,656g,23 1 2012 19:20:54 +0800,30 3 2022 16:02:52 +0800,HAPPY EVERYDAY,null,null,null
898,898o,18 7 2009 07:49:23 +0800,2 12 2015 21:36:59 +0800,HAPPY EVERYDAY,null,null,null
415,415z,28 10 2007 17:42:37 +0800,6 7 2021 21:48:53 +0800,HAPPY EVERYDAY,null,null,null
657,657h,8 5 2003 17:14:13 +0800,30 6 2014 02:37:22 +0800,HAPPY EVERYDAY,null,null,null
899,899p,6 9 2008 20:44:15 +0800,21 7 2019 22:08:20 +0800,HAPPY EVERYDAY,null,null,null
416,416a,29 8 2007 05:33:07 +0800,11 12 2012 21:49:39 +0800,HAPPY EVERYDAY,null,null,null
658,658i,8 6 2012 08:55:29 +0800,7 3 2015 23:34:04 +0800,HAPPY EVERYDAY,null,null,null
417,417b,11 5 2006 05:20:05 +0800,28 12 2018 22:47:45 +0800,HAPPY EVERYDAY,null,null,null
659,659j,6 11 2020 16:53:39 +0800,27 8 2020 08:31:30 +0800,HAPPY EVERYDAY,null,null,null
418,418c,25 3 2013 11:40:11 +0800,8 8 2002 19:16:15 +0800,HAPPY EVERYDAY,null,null,null
419,419d,7 1 2012 08:40:58 +0800,3 9 2001 04:50:14 +0800,HAPPY EVERYDAY,null,null,null
660,660k,24 10 2008 03:25:52 +0800,7 11 2018 20:21:22 +0800,HAPPY EVERYDAY,null,null,null
661,661l,27 1 2013 05:28:52 +0800,10 6 2012 10:07:02 +0800,HAPPY EVERYDAY,null,null,null
420,420e,12 10 2002 07:49:07 +0800,24 5 2018 07:13:39 +0800,HAPPY EVERYDAY,null,null,null
662,662m,2 1 2010 12:05:31 +0800,22 6 2019 00:18:14 +0800,HAPPY EVERYDAY,null,null,null
421,421f,9 11 2010 22:48:19 +0800,7 11 2014 11:15:52 +0800,HAPPY EVERYDAY,null,null,null
663,663n,7 6 2010 22:46:20 +0800,28 2 2021 22:52:45 +0800,HAPPY EVERYDAY,null,null,null
422,422g,21 8 2001 14:04:49 +0800,11 3 2020 03:07:48 +0800,HAPPY EVERYDAY,null,null,null
664,664o,14 10 2008 10:12:32 +0800,8 6 2020 18:44:00 +0800,HAPPY EVERYDAY,null,null,null
423,423h,4 1 2004 03:18:53 +0800,5 1 2008 00:31:19 +0800,HAPPY EVERYDAY,null,null,null
665,665p,10 8 2011 11:02:01 +0800,1 3 2020 13:00:40 +0800,HAPPY EVERYDAY,null,null,null
424,424i,10 11 2021 11:30:37 +0800,29 7 2016 23:34:07 +0800,HAPPY EVERYDAY,null,null,null
666,666q,10 10 2014 14:39:11 +0800,10 4 2009 04:09:15 +0800,HAPPY EVERYDAY,null,null,null
425,425j,25 3 2012 00:32:07 +0800,20 2 2020 15:39:18 +0800,HAPPY EVERYDAY,null,null,null
667,667r,15 7 2012 20:14:14 +0800,7 7 2016 18:21:47 +0800,HAPPY EVERYDAY,null,null,null
426,426k,26 1 2002 13:04:57 +0800,17 3 2014 08:51:28 +0800,HAPPY EVERYDAY,null,null,null
668,668s,24 10 2002 11:25:43 +0800,8 7 2019 13:01:18 +0800,HAPPY EVERYDAY,null,null,null
427,427l,11 2 2017 15:07:07 +0800,23 4 2014 22:44:54 +0800,HAPPY EVERYDAY,null,null,null
669,669t,7 3 2015 22:03:06 +0800,22 7 2018 17:35:54 +0800,HAPPY EVERYDAY,null,null,null
428,428m,21 4 2015 13:05:55 +0800,13 6 2004 12:26:15 +0800,HAPPY EVERYDAY,null,null,null
429,429n,20 7 2010 21:37:38 +0800,21 10 2017 16:26:11 +0800,HAPPY EVERYDAY,null,null,null
670,670u,23 3 2003 13:38:32 +0800,23 4 2018 07:54:58 +0800,HAPPY EVERYDAY,null,null,null
671,671v,12 7 2001 09:26:38 +0800,15 5 2021 03:16:58 +0800,HAPPY EVERYDAY,null,null,null
430,430o,9 4 2006 00:35:17 +0800,13 8 2017 02:34:22 +0800,HAPPY EVERYDAY,null,null,null
672,672w,1 7 2011 03:02:07 +0800,15 6 2007 03:30:13 +0800,HAPPY EVERYDAY,null,null,null
431,431p,27 11 2014 11:06:03 +0800,27 1 2020 20:49:11 +0800,HAPPY EVERYDAY,null,null,null
673,673x,22 10 2001 14:10:55 +0800,27 7 2007 10:32:44 +0800,HAPPY EVERYDAY,null,null,null
432,432q,5 10 2001 07:02:58 +0800,25 8 2014 15:43:18 +0800,HAPPY EVERYDAY,null,null,null
674,674y,3 4 2018 00:44:27 +0800,1 2 2012 17:25:43 +0800,HAPPY EVERYDAY,null,null,null
433,433r,25 2 2014 22:14:26 +0800,25 11 2016 03:37:28 +0800,HAPPY EVERYDAY,null,null,null
675,675z,11 11 2012 11:35:14 +0800,10 11 2017 18:24:01 +0800,HAPPY EVERYDAY,null,null,null
434,434s,7 3 2020 11:10:20 +0800,25 6 2018 10:59:57 +0800,HAPPY EVERYDAY,null,null,null
676,676a,16 3 2003 15:43:27 +0800,8 12 2013 20:19:48 +0800,HAPPY EVERYDAY,null,null,null
435,435t,3 6 2003 00:15:53 +0800,22 1 2013 03:54:25 +0800,HAPPY EVERYDAY,null,null,null
677,677b,21 3 2012 00:54:14 +0800,18 2 2014 05:12:18 +0800,HAPPY EVERYDAY,null,null,null
436,436u,7 1 2003 04:04:52 +0800,22 10 2008 03:16:49 +0800,HAPPY EVERYDAY,null,null,null
678,678c,1 6 2019 09:15:53 +0800,22 6 2018 15:16:12 +0800,HAPPY EVERYDAY,null,null,null
437,437v,28 1 2009 01:38:26 +0800,6 11 2018 00:40:38 +0800,HAPPY EVERYDAY,null,null,null
679,679d,26 1 2005 03:22:44 +0800,14 7 2021 05:27:01 +0800,HAPPY EVERYDAY,null,null,null
438,438w,6 8 2008 13:01:25 +0800,4 8 2015 10:13:13 +0800,HAPPY EVERYDAY,null,null,null
439,439x,10 8 2006 22:06:57 +0800,17 6 2022 19:45:40 +0800,HAPPY EVERYDAY,null,null,null
680,680e,18 7 2009 13:53:59 +0800,3 7 2010 07:48:50 +0800,HAPPY EVERYDAY,null,null,null
681,681f,20 9 2000 12:25:56 +0800,10 4 2020 06:38:50 +0800,HAPPY EVERYDAY,null,null,null
440,440y,10 11 2015 06:57:31 +0800,29 4 2018 15:08:17 +0800,HAPPY EVERYDAY,null,null,null
682,682g,5 7 2013 19:32:40 +0800,25 12 2022 03:26:47 +0800,HAPPY EVERYDAY,null,null,null
441,441z,17 8 2013 19:32:30 +0800,26 10 2015 15:46:36 +0800,HAPPY EVERYDAY,null,null,null
683,683h,11 1 2021 06:02:45 +0800,15 12 2009 00:40:09 +0800,HAPPY EVERYDAY,null,null,null
200,200s,29 10 2016 17:13:03 +0800,29 7 2009 10:12:13 +0800,HAPPY EVERYDAY,null,null,null
442,442a,21 4 2004 06:05:31 +0800,16 9 2018 09:00:13 +0800,HAPPY EVERYDAY,null,null,null
684,684i,2 2 2009 03:48:44 +0800,28 7 2012 20:43:44 +0800,HAPPY EVERYDAY,null,null,null
201,201t,8 3 2020 14:37:07 +0800,14 5 2013 09:25:18 +0800,HAPPY EVERYDAY,null,null,null
443,443b,24 11 2017 12:30:29 +0800,2 5 2008 20:29:54 +0800,HAPPY EVERYDAY,null,null,null
685,685j,20 2 2020 08:42:26 +0800,20 4 2021 01:50:34 +0800,HAPPY EVERYDAY,null,null,null
202,202u,26 3 2010 23:01:43 +0800,10 6 2020 19:52:38 +0800,HAPPY EVERYDAY,null,null,null
444,444c,13 10 2006 22:14:08 +0800,29 4 2021 09:50:32 +0800,HAPPY EVERYDAY,null,null,null
686,686k,11 8 2021 02:36:57 +0800,7 5 2022 18:30:28 +0800,HAPPY EVERYDAY,null,null,null
203,203v,12 11 2011 06:21:10 +0800,11 2 2014 22:46:34 +0800,HAPPY EVERYDAY,null,null,null
445,445d,2 8 2016 22:11:51 +0800,12 9 2007 09:01:02 +0800,HAPPY EVERYDAY,null,null,null
687,687l,12 8 2019 06:12:18 +0800,1 5 2016 08:14:59 +0800,HAPPY EVERYDAY,null,null,null
204,204w,13 2 2003 09:33:45 +0800,6 8 2020 10:19:39 +0800,HAPPY EVERYDAY,null,null,null
446,446e,10 2 2013 16:53:29 +0800,25 11 2017 15:30:19 +0800,HAPPY EVERYDAY,null,null,null
688,688m,4 2 2019 06:00:50 +0800,12 10 2004 12:19:46 +0800,HAPPY EVERYDAY,null,null,null
205,205x,11 5 2004 15:39:46 +0800,11 10 2016 01:48:17 +0800,HAPPY EVERYDAY,null,null,null
447,447f,17 5 2016 03:53:30 +0800,14 7 2020 00:05:43 +0800,HAPPY EVERYDAY,null,null,null
689,689n,2 2 2006 07:36:52 +0800,7 4 2013 03:29:53 +0800,HAPPY EVERYDAY,null,null,null
206,206y,4 4 2010 17:43:40 +0800,22 4 2008 01:07:42 +0800,HAPPY EVERYDAY,null,null,null
448,448g,20 1 2020 00:37:07 +0800,25 10 2013 07:26:04 +0800,HAPPY EVERYDAY,null,null,null
207,207z,2 7 2019 23:27:47 +0800,18 9 2021 05:59:08 +0800,HAPPY EVERYDAY,null,null,null
449,449h,22 5 2015 15:37:19 +0800,8 10 2022 22:17:25 +0800,HAPPY EVERYDAY,null,null,null
208,208a,9 9 2020 23:50:34 +0800,28 11 2013 09:35:47 +0800,HAPPY EVERYDAY,null,null,null
209,209b,17 5 2001 19:38:40 +0800,1 6 2009 08:14:02 +0800,HAPPY EVERYDAY,null,null,null
690,690o,17 7 2001 08:19:56 +0800,17 11 2013 14:25:07 +0800,HAPPY EVERYDAY,null,null,null
691,691p,20 10 2006 10:54:16 +0800,23 12 2017 14:37:49 +0800,HAPPY EVERYDAY,null,null,null
450,450i,6 1 2019 09:59:09 +0800,26 7 2018 09:34:35 +0800,HAPPY EVERYDAY,null,null,null
692,692q,25 9 2012 16:12:30 +0800,28 11 2009 08:13:20 +0800,HAPPY EVERYDAY,null,null,null
451,451j,21 10 2021 20:51:34 +0800,23 12 2021 04:56:54 +0800,HAPPY EVERYDAY,null,null,null
693,693r,28 3 2016 02:08:34 +0800,1 6 2020 02:29:25 +0800,HAPPY EVERYDAY,null,null,null
210,210c,14 3 2013 14:57:42 +0800,4 11 2012 11:26:38 +0800,HAPPY EVERYDAY,null,null,null
452,452k,28 5 2005 13:34:02 +0800,27 11 2005 20:05:48 +0800,HAPPY EVERYDAY,null,null,null
694,694s,5 2 2015 10:23:48 +0800,10 10 2009 08:42:05 +0800,HAPPY EVERYDAY,null,null,null
211,211d,27 8 2021 14:09:25 +0800,27 4 2014 17:50:12 +0800,HAPPY EVERYDAY,null,null,null
453,453l,27 7 2005 17:52:58 +0800,2 2 2010 13:43:17 +0800,HAPPY EVERYDAY,null,null,null
695,695t,4 7 2021 15:24:20 +0800,1 11 2020 12:21:40 +0800,HAPPY EVERYDAY,null,null,null
212,212e,8 11 2011 09:41:45 +0800,9 9 2002 01:27:53 +0800,HAPPY EVERYDAY,null,null,null
454,454m,22 4 2011 20:21:41 +0800,2 3 2013 15:10:34 +0800,HAPPY EVERYDAY,null,null,null
696,696u,21 1 2017 06:29:13 +0800,10 1 2015 09:46:17 +0800,HAPPY EVERYDAY,null,null,null
213,213f,26 9 2010 09:34:17 +0800,3 7 2017 03:38:57 +0800,HAPPY EVERYDAY,null,null,null
455,455n,13 10 2006 19:43:09 +0800,19 9 2012 22:23:48 +0800,HAPPY EVERYDAY,null,null,null
697,697v,14 9 2012 12:15:53 +0800,9 10 2015 05:06:49 +0800,HAPPY EVERYDAY,null,null,null
214,214g,7 6 2007 08:40:51 +0800,27 4 2022 16:39:32 +0800,HAPPY EVERYDAY,null,null,null
456,456o,8 11 2003 22:01:40 +0800,8 9 2018 09:14:08 +0800,HAPPY EVERYDAY,null,null,null
698,698w,27 8 2009 03:04:51 +0800,9 9 2020 19:54:40 +0800,HAPPY EVERYDAY,null,null,null
215,215h,28 3 2009 00:19:40 +0800,9 1 2014 19:37:27 +0800,HAPPY EVERYDAY,null,null,null
457,457p,8 3 2017 18:30:19 +0800,18 9 2017 09:15:18 +0800,HAPPY EVERYDAY,null,null,null
699,699x,6 1 2021 04:21:41 +0800,18 6 2008 22:49:45 +0800,HAPPY EVERYDAY,null,null,null
216,216i,18 9 2021 09:12:58 +0800,4 9 2018 16:24:55 +0800,HAPPY EVERYDAY,null,null,null
458,458q,2 8 2000 17:50:15 +0800,29 11 2015 16:07:48 +0800,HAPPY EVERYDAY,null,null,null
217,217j,22 4 2019 05:39:25 +0800,8 4 2014 12:20:54 +0800,HAPPY EVERYDAY,null,null,null
459,459r,5 8 2019 15:02:08 +0800,20 3 2020 07:32:40 +0800,HAPPY EVERYDAY,null,null,null
218,218k,19 5 2011 04:50:43 +0800,24 3 2021 09:25:59 +0800,HAPPY EVERYDAY,null,null,null
219,219l,24 3 2020 14:22:19 +0800,26 9 2008 12:48:04 +0800,HAPPY EVERYDAY,null,null,null
460,460s,19 1 2006 20:42:02 +0800,6 6 2003 19:19:54 +0800,HAPPY EVERYDAY,null,null,null
461,461t,20 5 2001 02:10:19 +0800,7 6 2011 17:45:28 +0800,HAPPY EVERYDAY,null,null,null
220,220m,26 7 2000 21:10:38 +0800,28 11 2009 05:14:24 +0800,HAPPY EVERYDAY,null,null,null
462,462u,16 11 2005 19:57:48 +0800,28 10 2017 17:01:33 +0800,HAPPY EVERYDAY,null,null,null
221,221n,7 2 2008 14:48:38 +0800,2 3 2018 02:51:25 +0800,HAPPY EVERYDAY,null,null,null
463,463v,4 7 2014 23:38:00 +0800,7 6 2011 02:15:19 +0800,HAPPY EVERYDAY,null,null,null
222,222o,10 1 2005 17:35:04 +0800,9 6 2004 22:23:45 +0800,HAPPY EVERYDAY,null,null,null
464,464w,24 7 2011 18:28:44 +0800,25 3 2009 14:17:06 +0800,HAPPY EVERYDAY,null,null,null
223,223p,14 8 2000 14:11:08 +0800,30 3 2009 12:18:34 +0800,HAPPY EVERYDAY,null,null,null
465,465x,27 5 2006 04:29:57 +0800,7 1 2018 22:28:00 +0800,HAPPY EVERYDAY,null,null,null
224,224q,14 10 2002 09:38:02 +0800,8 3 2016 08:48:46 +0800,HAPPY EVERYDAY,null,null,null
466,466y,21 4 2021 12:37:42 +0800,29 10 2017 14:59:51 +0800,HAPPY EVERYDAY,null,null,null
225,225r,26 10 2007 06:21:46 +0800,15 10 2006 12:17:12 +0800,HAPPY EVERYDAY,null,null,null
467,467z,28 4 2013 17:42:07 +0800,15 8 2013 11:24:04 +0800,HAPPY EVERYDAY,null,null,null
226,226s,14 2 2015 13:02:54 +0800,30 1 2015 06:05:52 +0800,HAPPY EVERYDAY,null,null,null
468,468a,21 5 2009 10:41:26 +0800,5 2 2022 11:21:53 +0800,HAPPY EVERYDAY,null,null,null
227,227t,19 5 2001 08:48:54 +0800,30 12 2003 16:40:42 +0800,HAPPY EVERYDAY,null,null,null
469,469b,16 4 2003 04:13:14 +0800,22 1 2015 22:18:08 +0800,HAPPY EVERYDAY,null,null,null
228,228u,6 6 2021 18:34:05 +0800,1 5 2016 15:28:15 +0800,HAPPY EVERYDAY,null,null,null
229,229v,5 10 2021 10:22:34 +0800,24 4 2013 12:02:43 +0800,HAPPY EVERYDAY,null,null,null
470,470c,9 4 2014 04:55:40 +0800,24 5 2021 04:30:58 +0800,HAPPY EVERYDAY,null,null,null
471,471d,22 7 2016 00:38:59 +0800,5 2 2020 06:22:28 +0800,HAPPY EVERYDAY,null,null,null
230,230w,5 3 2016 00:17:02 +0800,19 11 2006 00:52:54 +0800,HAPPY EVERYDAY,null,null,null
472,472e,23 4 2020 16:55:45 +0800,2 3 2013 01:56:15 +0800,HAPPY EVERYDAY,null,null,null
231,231x,24 9 2015 12:47:38 +0800,19 8 2018 06:00:56 +0800,HAPPY EVERYDAY,null,null,null
473,473f,3 6 2008 10:42:18 +0800,24 10 2010 00:39:36 +0800,HAPPY EVERYDAY,null,null,null
232,232y,2 3 2006 13:39:57 +0800,30 7 2011 04:47:17 +0800,HAPPY EVERYDAY,null,null,null
474,474g,8 1 2003 09:43:15 +0800,22 11 2021 06:58:50 +0800,HAPPY EVERYDAY,null,null,null
233,233z,4 11 2016 14:21:04 +0800,15 6 2014 12:29:25 +0800,HAPPY EVERYDAY,null,null,null
475,475h,27 9 2011 04:40:38 +0800,12 7 2008 12:51:27 +0800,HAPPY EVERYDAY,null,null,null
234,234a,1 1 2018 15:38:08 +0800,24 4 2008 13:32:38 +0800,HAPPY EVERYDAY,null,null,null
476,476i,8 10 2010 08:09:48 +0800,2 10 2019 20:20:52 +0800,HAPPY EVERYDAY,null,null,null
235,235b,23 8 2019 00:45:46 +0800,5 9 2017 05:56:29 +0800,HAPPY EVERYDAY,null,null,null
477,477j,10 2 2003 15:43:49 +0800,1 8 2018 20:50:16 +0800,HAPPY EVERYDAY,null,null,null
236,236c,22 4 2010 05:58:10 +0800,26 8 2020 20:36:49 +0800,HAPPY EVERYDAY,null,null,null
478,478k,22 5 2017 14:46:20 +0800,9 2 2015 23:24:35 +0800,HAPPY EVERYDAY,null,null,null
237,237d,12 5 2007 11:52:00 +0800,5 1 2018 15:38:30 +0800,HAPPY EVERYDAY,null,null,null
479,479l,6 6 2005 02:10:34 +0800,29 11 2006 04:54:32 +0800,HAPPY EVERYDAY,null,null,null
238,238e,11 1 2019 14:30:34 +0800,26 5 2007 06:34:38 +0800,HAPPY EVERYDAY,null,null,null
239,239f,14 1 2010 17:53:48 +0800,9 3 2014 14:44:26 +0800,HAPPY EVERYDAY,null,null,null
480,480m,11 5 2017 20:11:35 +0800,5 7 2006 02:38:51 +0800,HAPPY EVERYDAY,null,null,null
481,481n,17 2 2010 18:42:37 +0800,1 10 2015 14:24:18 +0800,HAPPY EVERYDAY,null,null,null
240,240g,20 10 2016 09:17:28 +0800,14 3 2011 06:05:53 +0800,HAPPY EVERYDAY,null,null,null
482,482o,10 4 2005 01:41:50 +0800,5 7 2013 21:13:39 +0800,HAPPY EVERYDAY,null,null,null
241,241h,13 9 2017 23:17:25 +0800,28 8 2015 05:40:12 +0800,HAPPY EVERYDAY,null,null,null
483,483p,24 4 2019 09:28:35 +0800,26 9 2008 12:00:37 +0800,HAPPY EVERYDAY,null,null,null
242,242i,25 7 2007 19:32:31 +0800,23 9 2018 01:05:09 +0800,HAPPY EVERYDAY,null,null,null
484,484q,13 5 2017 06:44:15 +0800,5 4 2011 12:33:31 +0800,HAPPY EVERYDAY,null,null,null
243,243j,20 5 2004 01:35:20 +0800,11 4 2019 20:10:29 +0800,HAPPY EVERYDAY,null,null,null
485,485r,8 10 2017 15:19:18 +0800,22 4 2009 16:10:20 +0800,HAPPY EVERYDAY,null,null,null
244,244k,8 6 2014 01:30:11 +0800,17 6 2018 06:13:42 +0800,HAPPY EVERYDAY,null,null,null
486,486s,12 5 2004 05:36:15 +0800,8 8 2014 15:25:53 +0800,HAPPY EVERYDAY,null,null,null
245,245l,26 1 2004 00:37:56 +0800,27 8 2022 06:56:44 +0800,HAPPY EVERYDAY,null,null,null
487,487t,5 1 2000 17:57:35 +0800,17 10 2019 05:10:20 +0800,HAPPY EVERYDAY,null,null,null
246,246m,3 10 2016 11:24:09 +0800,5 1 2022 12:44:53 +0800,HAPPY EVERYDAY,null,null,null
488,488u,24 11 2004 01:17:03 +0800,6 1 2017 09:32:26 +0800,HAPPY EVERYDAY,null,null,null
247,247n,19 8 2008 18:28:48 +0800,18 11 2020 07:03:43 +0800,HAPPY EVERYDAY,null,null,null
489,489v,15 8 2005 23:52:55 +0800,1 7 2018 10:46:28 +0800,HAPPY EVERYDAY,null,null,null
248,248o,18 6 2012 00:58:33 +0800,9 8 2016 13:40:07 +0800,HAPPY EVERYDAY,null,null,null
249,249p,2 11 2009 09:14:08 +0800,5 6 2019 13:32:28 +0800,HAPPY EVERYDAY,null,null,null
490,490w,15 3 2010 15:20:28 +0800,15 1 2017 10:08:43 +0800,HAPPY EVERYDAY,null,null,null
491,491x,8 4 2020 06:41:46 +0800,18 10 2020 16:23:47 +0800,HAPPY EVERYDAY,null,null,null
250,250q,16 10 2003 13:44:27 +0800,27 1 2016 14:03:27 +0800,HAPPY EVERYDAY,null,null,null
492,492y,20 10 2002 04:34:22 +0800,18 1 2019 01:31:15 +0800,HAPPY EVERYDAY,null,null,null
251,251r,6 6 2009 20:19:04 +0800,28 4 2006 21:00:02 +0800,HAPPY EVERYDAY,null,null,null
493,493z,4 1 2010 23:42:07 +0800,26 9 2019 05:20:10 +0800,HAPPY EVERYDAY,null,null,null
252,252s,12 7 2016 14:06:44 +0800,28 7 2012 01:23:42 +0800,HAPPY EVERYDAY,null,null,null
494,494a,18 11 2021 17:12:04 +0800,26 1 2014 08:08:00 +0800,HAPPY EVERYDAY,null,null,null
253,253t,14 11 2015 14:21:26 +0800,28 12 2005 20:15:25 +0800,HAPPY EVERYDAY,null,null,null
495,495b,22 10 2007 21:04:00 +0800,13 8 2021 00:53:41 +0800,HAPPY EVERYDAY,null,null,null
254,254u,17 10 2017 04:04:13 +0800,9 7 2017 17:19:41 +0800,HAPPY EVERYDAY,null,null,null
496,496c,15 6 2005 13:08:16 +0800,30 6 2019 17:43:55 +0800,HAPPY EVERYDAY,null,null,null
255,255v,20 2 2018 17:26:14 +0800,26 2 2020 03:38:34 +0800,HAPPY EVERYDAY,null,null,null
497,497d,4 5 2000 05:03:38 +0800,28 6 2017 12:43:40 +0800,HAPPY EVERYDAY,null,null,null
256,256w,6 6 2015 22:14:10 +0800,6 8 2020 13:16:30 +0800,HAPPY EVERYDAY,null,null,null
498,498e,13 2 2012 15:17:26 +0800,3 4 2018 11:42:02 +0800,HAPPY EVERYDAY,null,null,null
257,257x,20 6 2011 09:52:52 +0800,24 4 2011 21:34:06 +0800,HAPPY EVERYDAY,null,null,null
499,499f,25 5 2007 04:56:17 +0800,8 12 2009 18:51:38 +0800,HAPPY EVERYDAY,null,null,null
258,258y,18 6 2006 10:21:32 +0800,30 7 2008 05:05:07 +0800,HAPPY EVERYDAY,null,null,null
259,259z,1 11 2018 09:17:26 +0800,6 9 2009 05:27:33 +0800,HAPPY EVERYDAY,null,null,null
260,260a,25 8 2011 17:35:47 +0800,21 7 2021 10:40:21 +0800,HAPPY EVERYDAY,null,null,null
261,261b,28 2 2000 09:54:57 +0800,5 9 2004 23:55:25 +0800,HAPPY EVERYDAY,null,null,null
262,262c,22 6 2006 11:36:21 +0800,28 4 2021 18:29:06 +0800,HAPPY EVERYDAY,null,null,null
263,263d,8 2 2014 17:17:54 +0800,25 11 2004 10:18:16 +0800,HAPPY EVERYDAY,null,null,null
264,264e,28 3 2003 05:39:46 +0800,23 10 2021 06:50:28 +0800,HAPPY EVERYDAY,null,null,null
265,265f,11 3 2010 18:34:59 +0800,10 6 2011 08:36:33 +0800,HAPPY EVERYDAY,null,null,null
266,266g,7 4 2014 20:35:02 +0800,12 2 2012 08:21:00 +0800,HAPPY EVERYDAY,null,null,null
267,267h,7 8 2005 21:45:55 +0800,7 8 2021 21:52:25 +0800,HAPPY EVERYDAY,null,null,null
268,268i,10 3 2003 00:35:08 +0800,20 5 2016 04:22:42 +0800,HAPPY EVERYDAY,null,null,null
269,269j,7 10 2003 08:27:17 +0800,11 11 2019 19:12:52 +0800,HAPPY EVERYDAY,null,null,null
270,270k,27 5 2017 00:46:55 +0800,9 12 2019 10:04:18 +0800,HAPPY EVERYDAY,null,null,null
271,271l,8 6 2002 17:26:20 +0800,9 3 2017 23:39:31 +0800,HAPPY EVERYDAY,null,null,null
272,272m,28 6 2003 04:56:34 +0800,7 10 2015 16:45:19 +0800,HAPPY EVERYDAY,null,null,null
273,273n,19 7 2006 18:06:29 +0800,23 2 2012 23:02:33 +0800,HAPPY EVERYDAY,null,null,null
274,274o,27 9 2004 13:19:00 +0800,22 3 2022 04:19:53 +0800,HAPPY EVERYDAY,null,null,null
275,275p,11 11 2003 16:05:40 +0800,16 2 2005 15:05:43 +0800,HAPPY EVERYDAY,null,null,null
276,276q,24 2 2008 17:32:55 +0800,15 4 2016 11:10:02 +0800,HAPPY EVERYDAY,null,null,null
277,277r,9 9 2010 21:54:25 +0800,17 4 2019 04:05:43 +0800,HAPPY EVERYDAY,null,null,null
278,278s,13 2 2006 01:47:01 +0800,1 7 2020 16:39:32 +0800,HAPPY EVERYDAY,null,null,null
279,279t,29 2 2019 04:14:04 +0800,8 11 2022 07:38:41 +0800,HAPPY EVERYDAY,null,null,null
280,280u,7 2 2000 00:15:23 +0800,23 4 2021 00:03:59 +0800,HAPPY EVERYDAY,null,null,null
281,281v,29 4 2012 15:04:55 +0800,14 3 2010 09:58:07 +0800,HAPPY EVERYDAY,null,null,null
282,282w,23 8 2006 08:08:53 +0800,12 2 2022 14:25:55 +0800,HAPPY EVERYDAY,null,null,null
283,283x,23 10 2011 22:39:23 +0800,5 8 2019 01:17:05 +0800,HAPPY EVERYDAY,null,null,null
284,284y,11 10 2005 20:19:00 +0800,29 4 2015 19:47:38 +0800,HAPPY EVERYDAY,null,null,null
285,285z,26 10 2014 16:46:38 +0800,6 8 2015 06:47:02 +0800,HAPPY EVERYDAY,null,null,null
286,286a,12 5 2005 05:05:49 +0800,23 10 2010 05:20:34 +0800,HAPPY EVERYDAY,null,null,null
287,287b,19 2 2016 22:20:59 +0800,13 10 2004 17:52:50 +0800,HAPPY EVERYDAY,null,null,null
288,288c,28 11 2013 09:41:03 +0800,11 12 2017 01:47:16 +0800,HAPPY EVERYDAY,null,null,null
289,289d,27 8 2008 04:10:46 +0800,11 9 2013 08:22:02 +0800,HAPPY EVERYDAY,null,null,null
290,290e,29 10 2005 10:55:52 +0800,10 11 2006 12:19:48 +0800,HAPPY EVERYDAY,null,null,null
291,291f,22 7 2008 11:14:20 +0800,15 4 2019 23:50:11 +0800,HAPPY EVERYDAY,null,null,null
292,292g,22 8 2007 14:22:00 +0800,10 5 2010 11:59:21 +0800,HAPPY EVERYDAY,null,null,null
293,293h,5 8 2001 12:33:13 +0800,23 6 2018 14:33:26 +0800,HAPPY EVERYDAY,null,null,null
294,294i,19 7 2014 07:24:53 +0800,25 4 2017 03:50:07 +0800,HAPPY EVERYDAY,null,null,null
295,295j,2 9 2004 21:34:13 +0800,17 6 2007 05:30:41 +0800,HAPPY EVERYDAY,null,null,null
296,296k,6 4 2008 13:41:51 +0800,4 9 2020 00:47:32 +0800,HAPPY EVERYDAY,null,null,null
297,297l,18 2 2011 06:50:08 +0800,28 7 2011 00:04:55 +0800,HAPPY EVERYDAY,null,null,null
298,298m,25 11 2008 09:59:15 +0800,20 5 2021 09:43:04 +0800,HAPPY EVERYDAY,null,null,null
299,299n,22 9 2011 23:13:45 +0800,21 6 2019 13:40:56 +0800,HAPPY EVERYDAY,null,null,null
900,900q,12 8 2006 10:21:57 +0800,20 10 2022 11:14:35 +0800,HAPPY EVERYDAY,null,null,null
901,901r,1 7 2007 10:40:11 +0800,6 7 2006 13:27:51 +0800,HAPPY EVERYDAY,null,null,null
902,902s,15 7 2018 20:46:41 +0800,19 1 2013 06:48:04 +0800,HAPPY EVERYDAY,null,null,null
903,903t,2 5 2018 14:41:27 +0800,6 6 2015 03:29:48 +0800,HAPPY EVERYDAY,null,null,null
904,904u,2 1 2012 15:40:27 +0800,5 6 2019 08:49:34 +0800,HAPPY EVERYDAY,null,null,null
905,905v,23 4 2014 05:13:07 +0800,20 7 2019 00:53:49 +0800,HAPPY EVERYDAY,null,null,null
906,906w,28 5 2014 01:12:41 +0800,12 8 2007 11:12:32 +0800,HAPPY EVERYDAY,null,null,null
907,907x,19 5 2011 03:42:29 +0800,14 10 2013 22:23:08 +0800,HAPPY EVERYDAY,null,null,null
908,908y,7 4 2003 20:49:03 +0800,25 7 2011 04:01:29 +0800,HAPPY EVERYDAY,null,null,null
909,909z,12 7 2004 02:52:27 +0800,29 6 2017 02:20:10 +0800,HAPPY EVERYDAY,null,null,null
910,910a,12 7 2006 02:05:21 +0800,24 2 2022 20:14:23 +0800,HAPPY EVERYDAY,null,null,null
911,911b,21 3 2020 22:53:28 +0800,29 10 2018 02:22:01 +0800,HAPPY EVERYDAY,null,null,null
912,912c,17 6 2002 11:27:38 +0800,14 11 2019 08:04:31 +0800,HAPPY EVERYDAY,null,null,null
913,913d,29 2 2010 12:03:31 +0800,16 5 2019 15:07:33 +0800,HAPPY EVERYDAY,null,null,null
914,914e,22 2 2019 13:50:47 +0800,16 5 2020 03:47:42 +0800,HAPPY EVERYDAY,null,null,null
915,915f,1 7 2010 02:45:49 +0800,12 2 2021 19:44:36 +0800,HAPPY EVERYDAY,null,null,null
916,916g,25 10 2019 10:45:26 +0800,13 11 2020 01:35:46 +0800,HAPPY EVERYDAY,null,null,null
917,917h,28 3 2006 01:49:13 +0800,8 7 2003 05:37:06 +0800,HAPPY EVERYDAY,null,null,null
918,918i,17 7 2015 08:39:49 +0800,24 2 2013 04:01:38 +0800,HAPPY EVERYDAY,null,null,null
919,919j,18 5 2021 17:39:25 +0800,10 10 2015 05:14:29 +0800,HAPPY EVERYDAY,null,null,null
920,920k,17 8 2002 15:59:14 +0800,26 9 2009 05:23:28 +0800,HAPPY EVERYDAY,null,null,null
921,921l,10 3 2011 06:51:38 +0800,13 2 2020 08:54:50 +0800,HAPPY EVERYDAY,null,null,null
922,922m,17 5 2017 03:02:01 +0800,4 7 2020 17:50:23 +0800,HAPPY EVERYDAY,null,null,null
923,923n,27 9 2009 19:14:01 +0800,14 2 2018 02:13:18 +0800,HAPPY EVERYDAY,null,null,null
924,924o,7 2 2014 11:45:43 +0800,30 4 2007 02:37:17 +0800,HAPPY EVERYDAY,null,null,null
925,925p,29 11 2007 07:47:19 +0800,12 11 2002 14:09:46 +0800,HAPPY EVERYDAY,null,null,null
926,926q,20 11 2003 16:05:20 +0800,25 6 2021 13:48:42 +0800,HAPPY EVERYDAY,null,null,null
927,927r,15 9 2018 02:34:14 +0800,24 12 2018 11:44:59 +0800,HAPPY EVERYDAY,null,null,null
928,928s,13 6 2019 09:08:21 +0800,19 5 2016 02:14:09 +0800,HAPPY EVERYDAY,null,null,null
929,929t,24 5 2010 09:13:10 +0800,6 5 2020 10:33:38 +0800,HAPPY EVERYDAY,null,null,null
930,930u,22 8 2002 07:09:55 +0800,5 1 2020 21:24:01 +0800,HAPPY EVERYDAY,null,null,null
931,931v,16 7 2010 01:48:12 +0800,14 5 2020 00:04:34 +0800,HAPPY EVERYDAY,null,null,null
932,932w,12 3 2017 20:00:23 +0800,2 10 2021 06:28:43 +0800,HAPPY EVERYDAY,null,null,null
933,933x,13 3 2012 13:09:02 +0800,3 5 2010 03:56:33 +0800,HAPPY EVERYDAY,null,null,null
934,934y,22 5 2008 00:58:13 +0800,3 9 2020 16:59:33 +0800,HAPPY EVERYDAY,null,null,null
935,935z,19 2 2009 18:14:10 +0800,1 10 2011 10:20:03 +0800,HAPPY EVERYDAY,null,null,null
936,936a,15 8 2016 02:47:02 +0800,19 6 2020 02:37:36 +0800,HAPPY EVERYDAY,null,null,null
937,937b,12 10 2010 13:29:42 +0800,14 10 2022 01:34:15 +0800,HAPPY EVERYDAY,null,null,null
938,938c,20 10 2008 17:14:03 +0800,29 6 2003 18:42:35 +0800,HAPPY EVERYDAY,null,null,null
939,939d,26 5 2009 09:14:50 +0800,1 9 2018 17:21:46 +0800,HAPPY EVERYDAY,null,null,null
940,940e,28 1 2000 22:29:23 +0800,9 3 2014 05:20:51 +0800,HAPPY EVERYDAY,null,null,null
941,941f,10 7 2009 08:48:02 +0800,19 6 2015 00:30:39 +0800,HAPPY EVERYDAY,null,null,null
700,700y,16 6 2000 02:44:43 +0800,29 7 2014 23:44:58 +0800,HAPPY EVERYDAY,null,null,null
942,942g,22 2 2018 10:21:36 +0800,16 10 2010 17:10:02 +0800,HAPPY EVERYDAY,null,null,null
701,701z,7 7 2016 07:22:29 +0800,15 4 2017 11:00:53 +0800,HAPPY EVERYDAY,null,null,null
943,943h,12 2 2006 21:28:01 +0800,4 12 2015 16:29:12 +0800,HAPPY EVERYDAY,null,null,null
702,702a,19 4 2001 08:56:30 +0800,23 9 2017 14:30:49 +0800,HAPPY EVERYDAY,null,null,null
944,944i,18 7 2020 12:04:31 +0800,7 11 2005 22:18:22 +0800,HAPPY EVERYDAY,null,null,null
703,703b,17 7 2007 13:02:19 +0800,15 10 2010 15:26:53 +0800,HAPPY EVERYDAY,null,null,null
945,945j,22 1 2016 10:05:40 +0800,2 3 2021 02:57:33 +0800,HAPPY EVERYDAY,null,null,null
704,704c,14 4 2008 08:43:00 +0800,28 4 2014 01:33:37 +0800,HAPPY EVERYDAY,null,null,null
946,946k,7 6 2011 19:22:43 +0800,10 4 2014 00:09:05 +0800,HAPPY EVERYDAY,null,null,null
705,705d,2 8 2015 05:59:41 +0800,17 10 2008 22:02:00 +0800,HAPPY EVERYDAY,null,null,null
947,947l,29 7 2007 04:52:07 +0800,21 11 2012 08:01:35 +0800,HAPPY EVERYDAY,null,null,null
706,706e,9 11 2003 20:17:54 +0800,10 9 2008 06:14:02 +0800,HAPPY EVERYDAY,null,null,null
948,948m,27 11 2000 17:20:35 +0800,6 4 2021 02:50:40 +0800,HAPPY EVERYDAY,null,null,null
707,707f,4 5 2014 12:49:32 +0800,28 8 2020 03:18:45 +0800,HAPPY EVERYDAY,null,null,null
949,949n,3 8 2010 00:47:29 +0800,1 7 2014 01:54:19 +0800,HAPPY EVERYDAY,null,null,null
708,708g,1 8 2002 20:15:10 +0800,22 7 2018 02:28:38 +0800,HAPPY EVERYDAY,null,null,null
709,709h,25 11 2017 02:44:43 +0800,12 12 2018 08:35:59 +0800,HAPPY EVERYDAY,null,null,null
950,950o,23 10 2019 03:05:03 +0800,5 1 2008 03:28:50 +0800,HAPPY EVERYDAY,null,null,null
951,951p,14 1 2009 21:03:38 +0800,3 9 2018 21:10:01 +0800,HAPPY EVERYDAY,null,null,null
710,710i,23 9 2003 12:23:50 +0800,9 9 2016 14:54:01 +0800,HAPPY EVERYDAY,null,null,null
952,952q,1 4 2015 10:53:58 +0800,2 9 2012 15:35:34 +0800,HAPPY EVERYDAY,null,null,null
711,711j,26 8 2006 23:32:33 +0800,12 10 2018 22:50:07 +0800,HAPPY EVERYDAY,null,null,null
953,953r,21 6 2001 06:25:12 +0800,28 12 2018 23:50:21 +0800,HAPPY EVERYDAY,null,null,null
712,712k,11 10 2010 21:10:12 +0800,18 9 2021 02:14:30 +0800,HAPPY EVERYDAY,null,null,null
954,954s,4 10 2003 18:10:36 +0800,7 5 2018 01:54:10 +0800,HAPPY EVERYDAY,null,null,null
713,713l,25 10 2009 14:55:51 +0800,30 8 2009 16:25:53 +0800,HAPPY EVERYDAY,null,null,null
955,955t,21 4 2019 03:59:04 +0800,7 5 2014 10:56:53 +0800,HAPPY EVERYDAY,null,null,null
714,714m,5 3 2021 00:35:37 +0800,17 7 2017 13:14:02 +0800,HAPPY EVERYDAY,null,null,null
956,956u,13 4 2013 14:43:54 +0800,23 7 2009 14:57:54 +0800,HAPPY EVERYDAY,null,null,null
715,715n,19 9 2006 09:18:51 +0800,19 7 2005 23:16:44 +0800,HAPPY EVERYDAY,null,null,null
957,957v,9 5 2014 14:26:42 +0800,1 12 2014 06:08:42 +0800,HAPPY EVERYDAY,null,null,null
716,716o,26 7 2003 06:07:37 +0800,11 1 2013 23:46:07 +0800,HAPPY EVERYDAY,null,null,null
958,958w,8 1 2000 09:51:37 +0800,2 5 2006 13:25:57 +0800,HAPPY EVERYDAY,null,null,null
717,717p,29 11 2015 19:08:13 +0800,1 9 2007 04:05:31 +0800,HAPPY EVERYDAY,null,null,null
959,959x,29 7 2006 11:53:47 +0800,5 9 2019 01:40:42 +0800,HAPPY EVERYDAY,null,null,null
718,718q,19 5 2006 16:04:48 +0800,23 11 2019 18:17:12 +0800,HAPPY EVERYDAY,null,null,null
719,719r,1 6 2008 21:00:24 +0800,7 4 2020 06:50:20 +0800,HAPPY EVERYDAY,null,null,null
960,960y,11 3 2012 06:02:21 +0800,18 6 2016 10:05:36 +0800,HAPPY EVERYDAY,null,null,null
961,961z,25 4 2019 07:59:24 +0800,9 1 2021 19:21:01 +0800,HAPPY EVERYDAY,null,null,null
720,720s,22 3 2019 18:00:24 +0800,21 1 2014 23:29:34 +0800,HAPPY EVERYDAY,null,null,null
962,962a,1 2 2010 00:25:24 +0800,20 11 2007 12:19:46 +0800,HAPPY EVERYDAY,null,null,null
721,721t,14 1 2011 10:57:08 +0800,27 10 2011 08:29:06 +0800,HAPPY EVERYDAY,null,null,null
963,963b,24 7 2003 15:54:32 +0800,12 12 2017 13:02:26 +0800,HAPPY EVERYDAY,null,null,null
722,722u,12 7 2016 18:08:51 +0800,6 3 2004 05:46:46 +0800,HAPPY EVERYDAY,null,null,null
964,964c,17 6 2016 16:03:33 +0800,21 6 2022 20:19:48 +0800,HAPPY EVERYDAY,null,null,null
723,723v,14 1 2014 23:43:28 +0800,20 12 2004 12:57:10 +0800,HAPPY EVERYDAY,null,null,null
965,965d,28 7 2019 05:00:55 +0800,28 1 2006 19:41:36 +0800,HAPPY EVERYDAY,null,null,null
724,724w,21 6 2009 02:27:56 +0800,3 10 2021 10:20:03 +0800,HAPPY EVERYDAY,null,null,null
966,966e,22 5 2015 06:47:45 +0800,3 8 2012 15:50:17 +0800,HAPPY EVERYDAY,null,null,null
725,725x,1 9 2008 06:58:47 +0800,7 4 2022 02:52:03 +0800,HAPPY EVERYDAY,null,null,null
967,967f,19 9 2012 05:53:23 +0800,22 5 2018 00:07:23 +0800,HAPPY EVERYDAY,null,null,null
726,726y,14 3 2007 22:16:35 +0800,26 11 2015 05:19:51 +0800,HAPPY EVERYDAY,null,null,null
968,968g,21 8 2003 08:51:50 +0800,16 8 2012 21:53:12 +0800,HAPPY EVERYDAY,null,null,null
727,727z,18 9 2008 10:27:43 +0800,8 4 2020 05:20:53 +0800,HAPPY EVERYDAY,null,null,null
969,969h,24 2 2011 01:34:17 +0800,18 1 2004 03:05:22 +0800,HAPPY EVERYDAY,null,null,null
728,728a,15 8 2004 21:28:44 +0800,6 9 2010 22:05:19 +0800,HAPPY EVERYDAY,null,null,null
729,729b,19 8 2012 06:05:51 +0800,28 3 2022 03:58:31 +0800,HAPPY EVERYDAY,null,null,null
970,970i,21 2 2011 23:32:13 +0800,15 10 2019 06:30:30 +0800,HAPPY EVERYDAY,null,null,null
971,971j,23 8 2014 16:54:04 +0800,26 12 2008 03:45:48 +0800,HAPPY EVERYDAY,null,null,null
730,730c,25 9 2002 17:09:01 +0800,26 1 2012 10:49:57 +0800,HAPPY EVERYDAY,null,null,null
972,972k,7 9 2012 06:00:45 +0800,9 7 2022 11:42:14 +0800,HAPPY EVERYDAY,null,null,null
731,731d,14 7 2011 03:18:18 +0800,7 7 2016 19:02:40 +0800,HAPPY EVERYDAY,null,null,null
973,973l,23 7 2018 15:13:07 +0800,30 8 2015 16:52:37 +0800,HAPPY EVERYDAY,null,null,null
732,732e,10 7 2021 04:25:34 +0800,4 1 2003 02:44:49 +0800,HAPPY EVERYDAY,null,null,null
974,974m,20 9 2006 14:59:29 +0800,7 12 2011 18:54:12 +0800,HAPPY EVERYDAY,null,null,null
733,733f,29 10 2006 21:31:51 +0800,6 5 2007 21:12:48 +0800,HAPPY EVERYDAY,null,null,null
975,975n,13 4 2005 14:10:46 +0800,1 6 2004 08:47:16 +0800,HAPPY EVERYDAY,null,null,null
734,734g,7 1 2018 00:31:48 +0800,5 3 2018 05:02:43 +0800,HAPPY EVERYDAY,null,null,null
976,976o,8 7 2005 04:07:47 +0800,17 10 2013 03:21:00 +0800,HAPPY EVERYDAY,null,null,null
735,735h,27 6 2011 19:25:36 +0800,12 7 2020 01:42:32 +0800,HAPPY EVERYDAY,null,null,null
977,977p,8 5 2011 20:02:15 +0800,14 9 2020 04:51:00 +0800,HAPPY EVERYDAY,null,null,null
736,736i,17 11 2015 10:34:56 +0800,12 2 2019 01:18:57 +0800,HAPPY EVERYDAY,null,null,null
978,978q,20 8 2014 03:29:45 +0800,9 10 2005 14:51:55 +0800,HAPPY EVERYDAY,null,null,null
737,737j,22 3 2021 06:52:04 +0800,24 10 2015 08:54:12 +0800,HAPPY EVERYDAY,null,null,null
979,979r,18 11 2015 13:37:51 +0800,22 5 2006 18:23:05 +0800,HAPPY EVERYDAY,null,null,null
738,738k,7 3 2017 03:56:36 +0800,18 2 2015 08:26:34 +0800,HAPPY EVERYDAY,null,null,null
739,739l,3 3 2008 06:05:22 +0800,30 11 2020 04:46:41 +0800,HAPPY EVERYDAY,null,null,null
980,980s,6 7 2018 21:01:31 +0800,30 1 2019 02:58:03 +0800,HAPPY EVERYDAY,null,null,null
981,981t,18 2 2014 17:45:46 +0800,26 5 2012 19:19:38 +0800,HAPPY EVERYDAY,null,null,null
740,740m,22 9 2010 05:33:24 +0800,13 7 2015 19:21:12 +0800,HAPPY EVERYDAY,null,null,null
982,982u,14 11 2020 18:56:33 +0800,3 9 2013 03:09:55 +0800,HAPPY EVERYDAY,null,null,null
741,741n,9 7 2006 03:30:19 +0800,10 6 2020 13:01:36 +0800,HAPPY EVERYDAY,null,null,null
983,983v,17 7 2002 07:01:34 +0800,1 11 2021 10:41:44 +0800,HAPPY EVERYDAY,null,null,null
500,500g,28 10 2016 04:55:24 +0800,10 4 2005 16:48:19 +0800,HAPPY EVERYDAY,null,null,null
742,742o,8 9 2011 01:21:24 +0800,18 11 2003 02:17:16 +0800,HAPPY EVERYDAY,null,null,null
984,984w,7 6 2013 04:46:03 +0800,5 9 2021 09:07:41 +0800,HAPPY EVERYDAY,null,null,null
501,501h,15 7 2020 02:05:31 +0800,17 12 2018 04:47:45 +0800,HAPPY EVERYDAY,null,null,null
743,743p,27 6 2017 16:35:31 +0800,22 6 2021 09:29:25 +0800,HAPPY EVERYDAY,null,null,null
985,985x,22 1 2013 16:29:57 +0800,3 12 2022 12:00:46 +0800,HAPPY EVERYDAY,null,null,null
502,502i,18 1 2005 13:14:43 +0800,25 3 2022 00:53:45 +0800,HAPPY EVERYDAY,null,null,null
744,744q,5 7 2000 10:02:23 +0800,2 2 2004 17:12:26 +0800,HAPPY EVERYDAY,null,null,null
986,986y,23 10 2010 20:36:16 +0800,6 11 2015 04:50:55 +0800,HAPPY EVERYDAY,null,null,null
503,503j,2 5 2020 19:18:46 +0800,4 3 2008 03:59:41 +0800,HAPPY EVERYDAY,null,null,null
745,745r,11 7 2001 19:45:24 +0800,7 9 2020 08:47:40 +0800,HAPPY EVERYDAY,null,null,null
987,987z,3 7 2001 19:59:51 +0800,10 7 2014 11:08:14 +0800,HAPPY EVERYDAY,null,null,null
504,504k,10 3 2015 04:36:58 +0800,3 2 2014 10:54:40 +0800,HAPPY EVERYDAY,null,null,null
746,746s,29 10 2019 13:38:03 +0800,1 5 2010 16:32:14 +0800,HAPPY EVERYDAY,null,null,null
988,988a,5 2 2009 20:57:39 +0800,6 11 2006 22:33:15 +0800,HAPPY EVERYDAY,null,null,null
505,505l,10 4 2009 14:50:13 +0800,15 2 2021 10:57:43 +0800,HAPPY EVERYDAY,null,null,null
747,747t,1 8 2001 22:08:48 +0800,26 10 2018 23:11:00 +0800,HAPPY EVERYDAY,null,null,null
989,989b,1 10 2017 06:18:31 +0800,11 1 2012 17:56:02 +0800,HAPPY EVERYDAY,null,null,null
506,506m,4 6 2012 03:39:30 +0800,9 2 2009 08:03:15 +0800,HAPPY EVERYDAY,null,null,null
748,748u,21 7 2001 06:33:34 +0800,5 7 2018 16:43:06 +0800,HAPPY EVERYDAY,null,null,null
507,507n,3 11 2019 20:35:18 +0800,23 3 2020 02:57:28 +0800,HAPPY EVERYDAY,null,null,null
749,749v,25 9 2013 14:41:09 +0800,11 10 2018 13:53:24 +0800,HAPPY EVERYDAY,null,null,null
508,508o,25 2 2006 00:12:33 +0800,24 8 2011 14:39:27 +0800,HAPPY EVERYDAY,null,null,null
509,509p,22 10 2004 23:36:00 +0800,22 12 2001 04:28:30 +0800,HAPPY EVERYDAY,null,null,null
990,990c,22 8 2008 00:29:05 +0800,6 1 2016 12:00:55 +0800,HAPPY EVERYDAY,null,null,null
991,991d,6 7 2003 07:21:18 +0800,30 10 2015 13:21:20 +0800,HAPPY EVERYDAY,null,null,null
750,750w,1 2 2004 15:43:19 +0800,6 4 2020 00:47:35 +0800,HAPPY EVERYDAY,null,null,null
992,992e,5 10 2001 21:05:51 +0800,29 8 2018 09:17:41 +0800,HAPPY EVERYDAY,null,null,null
751,751x,29 8 2015 02:31:32 +0800,9 2 2021 16:48:14 +0800,HAPPY EVERYDAY,null,null,null
993,993f,29 2 2012 03:36:25 +0800,30 11 2010 22:05:55 +0800,HAPPY EVERYDAY,null,null,null
510,510q,1 1 2015 03:47:32 +0800,26 2 2017 23:26:39 +0800,HAPPY EVERYDAY,null,null,null
752,752y,16 9 2006 09:12:49 +0800,21 12 2017 14:05:57 +0800,HAPPY EVERYDAY,null,null,null
994,994g,2 7 2013 20:50:25 +0800,24 12 2021 02:38:54 +0800,HAPPY EVERYDAY,null,null,null
511,511r,4 4 2002 00:56:42 +0800,24 6 2017 18:49:32 +0800,HAPPY EVERYDAY,null,null,null
753,753z,15 8 2010 05:11:56 +0800,24 4 2021 23:07:55 +0800,HAPPY EVERYDAY,null,null,null
995,995h,10 11 2009 09:01:28 +0800,30 4 2009 02:40:59 +0800,HAPPY EVERYDAY,null,null,null
512,512s,19 6 2010 20:09:50 +0800,8 2 2008 13:54:52 +0800,HAPPY EVERYDAY,null,null,null
754,754a,1 3 2016 14:49:40 +0800,7 30 2016 05:15:59 +0800,HAPPY EVERYDAY,null,null,null
996,996i,22 3 2007 16:33:25 +0800,16 2 2019 23:16:25 +0800,HAPPY EVERYDAY,null,null,null
513,513t,4 9 2017 17:08:07 +0800,30 8 2020 13:51:08 +0800,HAPPY EVERYDAY,null,null,null
755,755b,8 8 2006 08:49:18 +0800,11 8 2009 04:57:12 +0800,HAPPY EVERYDAY,null,null,null
997,997j,15 11 2011 10:44:46 +0800,14 7 2017 18:13:36 +0800,HAPPY EVERYDAY,null,null,null
514,514u,25 6 2012 13:51:52 +0800,8 9 2013 22:16:58 +0800,HAPPY EVERYDAY,null,null,null
756,756c,2 7 2013 14:46:10 +0800,4 8 2015 20:02:43 +0800,HAPPY EVERYDAY,null,null,null
998,998k,13 5 2004 02:35:13 +0800,12 4 2009 22:51:46 +0800,HAPPY EVERYDAY,null,null,null
515,515v,3 7 2011 15:46:41 +0800,1 9 2016 22:58:11 +0800,HAPPY EVERYDAY,null,null,null
757,757d,2 9 2002 09:09:01 +0800,12 5 2013 23:44:49 +0800,HAPPY EVERYDAY,null,null,null
999,999l,1 7 2004 08:23:52 +0800,30 11 2017 15:19:20 +0800,HAPPY EVERYDAY,null,null,null
516,516w,6 9 2005 20:12:13 +0800,27 1 2019 23:58:10 +0800,HAPPY EVERYDAY,null,null,null
758,758e,6 8 2012 07:50:30 +0800,13 8 2007 22:50:49 +0800,HAPPY EVERYDAY,null,null,null
517,517x,27 9 2000 10:50:58 +0800,30 3 2017 20:43:22 +0800,HAPPY EVERYDAY,null,null,null
759,759f,16 1 2004 10:07:53 +0800,11 12 2016 11:23:32 +0800,HAPPY EVERYDAY,null,null,null
518,518y,13 2 2010 15:10:59 +0800,28 7 2017 14:18:58 +0800,HAPPY EVERYDAY,null,null,null
519,519z,25 6 2014 01:02:18 +0800,2 6 2009 12:18:13 +0800,HAPPY EVERYDAY,null,null,null
760,760g,3 6 2002 08:08:06 +0800,9 2 2015 08:33:14 +0800,HAPPY EVERYDAY,null,null,null
761,761h,24 1 2018 18:10:18 +0800,5 9 2009 06:57:49 +0800,HAPPY EVERYDAY,null,null,null
520,520a,17 3 2013 11:05:55 +0800,8 1 2017 21:53:42 +0800,HAPPY EVERYDAY,null,null,null
762,762i,2 4 2010 12:06:44 +0800,18 2 2019 16:29:11 +0800,HAPPY EVERYDAY,null,null,null
521,521b,3 7 2018 05:15:34 +0800,21 9 2014 03:51:12 +0800,HAPPY EVERYDAY,null,null,null
763,763j,22 8 2009 14:46:58 +0800,19 11 2016 04:28:06 +0800,HAPPY EVERYDAY,null,null,null
522,522c,18 11 2017 00:42:09 +0800,13 12 2011 23:23:04 +0800,HAPPY EVERYDAY,null,null,null
764,764k,20 5 2001 20:06:22 +0800,9 8 2013 22:55:28 +0800,HAPPY EVERYDAY,null,null,null
523,523d,15 3 2012 05:59:31 +0800,30 8 2009 17:22:35 +0800,HAPPY EVERYDAY,null,null,null
765,765l,3 7 2011 17:11:17 +0800,9 8 2015 11:28:35 +0800,HAPPY EVERYDAY,null,null,null
524,524e,14 11 2002 15:08:17 +0800,23 8 2010 07:38:01 +0800,HAPPY EVERYDAY,null,null,null
766,766m,17 5 2005 04:08:36 +0800,13 7 2016 15:57:08 +0800,HAPPY EVERYDAY,null,null,null
525,525f,24 2 2004 03:14:50 +0800,2 4 2020 00:24:36 +0800,HAPPY EVERYDAY,null,null,null
767,767n,24 2 2008 16:43:56 +0800,7 2 2015 00:43:46 +0800,HAPPY EVERYDAY,null,null,null
526,526g,19 7 2008 08:29:28 +0800,2 8 2013 01:30:03 +0800,HAPPY EVERYDAY,null,null,null
768,768o,8 8 2014 09:13:24 +0800,18 9 2011 15:55:09 +0800,HAPPY EVERYDAY,null,null,null
527,527h,23 10 2018 07:54:24 +0800,29 11 2012 19:31:43 +0800,HAPPY EVERYDAY,null,null,null
769,769p,22 3 2013 23:37:30 +0800,1 6 2020 22:08:05 +0800,HAPPY EVERYDAY,null,null,null
528,528i,27 4 2007 05:23:37 +0800,26 11 2014 11:44:10 +0800,HAPPY EVERYDAY,null,null,null
529,529j,29 3 2003 23:42:33 +0800,17 1 2021 03:32:03 +0800,HAPPY EVERYDAY,null,null,null
770,770q,27 3 2014 04:30:14 +0800,13 2 2012 15:21:02 +0800,HAPPY EVERYDAY,null,null,null
771,771r,11 3 2012 05:13:31 +0800,25 2 2018 02:46:30 +0800,HAPPY EVERYDAY,null,null,null
530,530k,23 10 2003 23:20:21 +0800,29 9 2020 12:55:37 +0800,HAPPY EVERYDAY,null,null,null
772,772s,25 3 2012 20:21:25 +0800,10 1 2019 23:50:59 +0800,HAPPY EVERYDAY,null,null,null
531,531l,3 11 2000 20:03:52 +0800,25 12 2017 12:12:28 +0800,HAPPY EVERYDAY,null,null,null
773,773t,3 3 2000 15:48:57 +0800,8 8 2018 15:52:13 +0800,HAPPY EVERYDAY,null,null,null
532,532m,17 5 2006 14:52:03 +0800,20 10 2013 23:20:40 +0800,HAPPY EVERYDAY,null,null,null
774,774u,16 8 2009 11:09:23 +0800,30 9 2019 12:24:14 +0800,HAPPY EVERYDAY,null,null,null
533,533n,12 8 2011 11:21:09 +0800,8 11 2018 08:18:41 +0800,HAPPY EVERYDAY,null,null,null
775,775v,24 2 2020 20:48:26 +0800,16 7 2015 22:55:39 +0800,HAPPY EVERYDAY,null,null,null
534,534o,14 3 2003 09:40:14 +0800,6 9 2021 17:32:45 +0800,HAPPY EVERYDAY,null,null,null
776,776w,10 5 2018 13:59:39 +0800,10 6 2021 08:10:56 +0800,HAPPY EVERYDAY,null,null,null
535,535p,20 2 2005 09:11:58 +0800,10 6 2017 02:15:27 +0800,HAPPY EVERYDAY,null,null,null
777,777x,29 7 2016 14:51:59 +0800,9 5 2020 19:16:48 +0800,HAPPY EVERYDAY,null,null,null
536,536q,8 9 2008 03:01:07 +0800,18 10 2017 09:11:21 +0800,HAPPY EVERYDAY,null,null,null
778,778y,6 3 2003 13:24:23 +0800,26 11 2017 22:58:19 +0800,HAPPY EVERYDAY,null,null,null
537,537r,13 1 2003 13:20:04 +0800,12 8 2018 15:39:44 +0800,HAPPY EVERYDAY,null,null,null
779,779z,7 4 2005 02:17:39 +0800,23 12 2010 04:04:46 +0800,HAPPY EVERYDAY,null,null,null
538,538s,27 6 2018 20:03:29 +0800,11 5 2021 04:15:14 +0800,HAPPY EVERYDAY,null,null,null
539,539t,1 7 2015 13:09:31 +0800,19 10 2011 17:34:13 +0800,HAPPY EVERYDAY,null,null,null
780,780a,19 2 2006 07:55:49 +0800,8 2 2003 23:44:21 +0800,HAPPY EVERYDAY,null,null,null
781,781b,26 6 2013 16:58:23 +0800,8 4 2021 01:03:02 +0800,HAPPY EVERYDAY,null,null,null
540,540u,11 2 2007 00:35:15 +0800,12 6 2015 08:04:12 +0800,HAPPY EVERYDAY,null,null,null
782,782c,20 9 2007 02:37:45 +0800,22 3 2014 00:03:10 +0800,HAPPY EVERYDAY,null,null,null
541,541v,23 11 2003 20:33:07 +0800,25 8 2007 14:34:08 +0800,HAPPY EVERYDAY,null,null,null
783,783d,15 11 2015 16:08:23 +0800,19 4 2019 16:14:10 +0800,HAPPY EVERYDAY,null,null,null
300,300o,14 3 2010 02:43:53 +0800,19 6 2020 16:13:17 +0800,HAPPY EVERYDAY,null,null,null
542,542w,27 10 2005 11:24:17 +0800,16 3 2009 11:57:04 +0800,HAPPY EVERYDAY,null,null,null
784,784e,8 5 2019 11:08:05 +0800,27 10 2020 23:20:14 +0800,HAPPY EVERYDAY,null,null,null
301,301p,17 1 2005 23:00:43 +0800,22 6 2021 11:08:43 +0800,HAPPY EVERYDAY,null,null,null
543,543x,29 4 2017 15:28:29 +0800,1 7 2020 14:08:58 +0800,HAPPY EVERYDAY,null,null,null
785,785f,12 3 2001 09:52:14 +0800,30 8 2018 02:13:59 +0800,HAPPY EVERYDAY,null,null,null
302,302q,13 4 2007 23:41:13 +0800,2 4 2015 15:02:39 +0800,HAPPY EVERYDAY,null,null,null
544,544y,19 6 2002 22:22:07 +0800,18 12 2022 09:15:19 +0800,HAPPY EVERYDAY,null,null,null
786,786g,26 4 2002 17:02:38 +0800,8 10 2015 04:45:32 +0800,HAPPY EVERYDAY,null,null,null
303,303r,19 1 2000 17:45:57 +0800,6 9 2014 20:28:30 +0800,HAPPY EVERYDAY,null,null,null
545,545z,7 7 2014 07:40:21 +0800,13 10 2013 22:44:24 +0800,HAPPY EVERYDAY,null,null,null
787,787h,20 1 2009 13:34:51 +0800,6 2 2007 14:55:14 +0800,HAPPY EVERYDAY,null,null,null
304,304s,7 11 2013 05:48:34 +0800,23 12 2020 06:03:46 +0800,HAPPY EVERYDAY,null,null,null
546,546a,17 10 2005 10:07:58 +0800,29 12 2009 07:29:42 +0800,HAPPY EVERYDAY,null,null,null
788,788i,12 10 2004 14:30:45 +0800,5 1 2014 04:34:17 +0800,HAPPY EVERYDAY,null,null,null
305,305t,29 10 2020 02:35:38 +0800,1 4 2021 12:08:52 +0800,HAPPY EVERYDAY,null,null,null
547,547b,16 8 2009 05:17:17 +0800,16 6 2007 05:39:09 +0800,HAPPY EVERYDAY,null,null,null
789,789j,10 9 2018 21:35:05 +0800,9 5 2008 03:24:55 +0800,HAPPY EVERYDAY,null,null,null
306,306u,6 8 2016 21:33:59 +0800,29 6 2015 05:44:45 +0800,HAPPY EVERYDAY,null,null,null
548,548c,24 4 2004 18:03:56 +0800,17 6 2016 20:27:16 +0800,HAPPY EVERYDAY,null,null,null
307,307v,16 8 2002 07:39:14 +0800,25 5 2021 14:34:20 +0800,HAPPY EVERYDAY,null,null,null
549,549d,16 2 2016 14:04:12 +0800,20 4 2016 20:28:11 +0800,HAPPY EVERYDAY,null,null,null
308,308w,23 11 2005 15:52:14 +0800,17 9 2018 19:36:10 +0800,HAPPY EVERYDAY,null,null,null
309,309x,7 4 2014 16:52:50 +0800,27 2 2019 20:47:36 +0800,HAPPY EVERYDAY,null,null,null
790,790k,18 4 2019 18:45:36 +0800,7 5 2022 17:56:38 +0800,HAPPY EVERYDAY,null,null,null
791,791l,5 6 2012 13:16:26 +0800,27 3 2020 15:53:19 +0800,HAPPY EVERYDAY,null,null,null
550,550e,6 8 2004 05:17:37 +0800,4 9 2009 17:56:50 +0800,HAPPY EVERYDAY,null,null,null
792,792m,29 11 2009 19:10:45 +0800,14 7 2007 20:54:42 +0800,HAPPY EVERYDAY,null,null,null
551,551f,11 11 2011 21:37:19 +0800,22 8 2016 21:04:26 +0800,HAPPY EVERYDAY,null,null,null
793,793n,14 1 2010 20:31:08 +0800,27 5 2018 12:40:18 +0800,HAPPY EVERYDAY,null,null,null
310,310y,29 1 2017 23:23:55 +0800,12 4 2009 11:28:53 +0800,HAPPY EVERYDAY,null,null,null
552,552g,10 1 2010 00:52:41 +0800,21 8 2019 06:17:04 +0800,HAPPY EVERYDAY,null,null,null
794,794o,13 6 2002 03:59:49 +0800,13 5 2009 14:54:33 +0800,HAPPY EVERYDAY,null,null,null
311,311z,26 8 2017 10:55:53 +0800,8 9 2005 22:53:27 +0800,HAPPY EVERYDAY,null,null,null
553,553h,14 9 2014 11:15:21 +0800,25 5 2011 15:25:53 +0800,HAPPY EVERYDAY,null,null,null
795,795p,23 1 2011 14:44:13 +0800,10 9 2017 12:25:15 +0800,HAPPY EVERYDAY,null,null,null
312,312a,8 9 2001 09:28:28 +0800,9 4 2018 22:29:20 +0800,HAPPY EVERYDAY,null,null,null
554,554i,23 10 2016 15:06:47 +0800,23 10 2020 10:04:01 +0800,HAPPY EVERYDAY,null,null,null
796,796q,5 3 2002 07:31:16 +0800,18 1 2013 23:55:55 +0800,HAPPY EVERYDAY,null,null,null
313,313b,17 5 2003 03:19:54 +0800,29 9 2018 01:23:58 +0800,HAPPY EVERYDAY,null,null,null
555,555j,13 8 2001 00:08:49 +0800,18 1 2017 14:18:43 +0800,HAPPY EVERYDAY,null,null,null
797,797r,24 7 2013 19:59:58 +0800,13 6 2018 02:27:04 +0800,HAPPY EVERYDAY,null,null,null
314,314c,5 11 2010 17:37:42 +0800,18 7 2015 22:54:29 +0800,HAPPY EVERYDAY,null,null,null
556,556k,27 7 2016 10:33:48 +0800,25 8 2019 01:09:27 +0800,HAPPY EVERYDAY,null,null,null
798,798s,9 11 2019 19:04:00 +0800,17 2 2007 19:27:12 +0800,HAPPY EVERYDAY,null,null,null
315,315d,19 11 2001 08:09:54 +0800,21 2 2007 00:25:51 +0800,HAPPY EVERYDAY,null,null,null
557,557l,27 11 2012 19:41:31 +0800,21 12 2012 08:32:35 +0800,HAPPY EVERYDAY,null,null,null
799,799t,11 10 2013 10:42:36 +0800,22 4 2015 16:07:55 +0800,HAPPY EVERYDAY,null,null,null
316,316e,17 4 2005 07:28:47 +0800,6 4 2002 03:39:54 +0800,HAPPY EVERYDAY,null,null,null
558,558m,16 5 2006 00:41:25 +0800,3 2 2015 16:43:13 +0800,HAPPY EVERYDAY,null,null,null
317,317f,13 11 2011 18:09:22 +0800,16 11 2013 15:51:58 +0800,HAPPY EVERYDAY,null,null,null
559,559n,11 3 2010 05:37:23 +0800,22 3 2016 14:08:05 +0800,HAPPY EVERYDAY,null,null,null
318,318g,19 1 2002 11:36:07 +0800,15 6 2020 00:43:13 +0800,HAPPY EVERYDAY,null,null,null
319,319h,21 3 2001 02:29:44 +0800,29 1 2017 19:20:49 +0800,HAPPY EVERYDAY,null,null,null
560,560o,1 7 2005 10:38:24 +0800,15 11 2016 22:10:39 +0800,HAPPY EVERYDAY,null,null,null
561,561p,9 5 2001 10:16:31 +0800,18 2 2017 21:02:42 +0800,HAPPY EVERYDAY,null,null,null
320,320i,6 5 2008 16:10:00 +0800,19 4 2015 02:30:45 +0800,HAPPY EVERYDAY,null,null,null
562,562q,27 9 2002 07:07:53 +0800,18 10 2012 22:29:20 +0800,HAPPY EVERYDAY,null,null,null
321,321j,3 7 2004 16:24:16 +0800,11 12 2009 12:27:32 +0800,HAPPY EVERYDAY,null,null,null
563,563r,10 1 2010 03:43:42 +0800,24 9 2016 04:45:10 +0800,HAPPY EVERYDAY,null,null,null
322,322k,25 7 2003 20:05:42 +0800,3 7 2016 05:26:00 +0800,HAPPY EVERYDAY,null,null,null
564,564s,14 8 2020 06:40:25 +0800,1 8 2021 17:15:48 +0800,HAPPY EVERYDAY,null,null,null
323,323l,25 1 2020 19:30:57 +0800,14 4 2019 04:23:40 +0800,HAPPY EVERYDAY,null,null,null
565,565t,6 8 2016 17:55:13 +0800,24 7 2015 03:03:37 +0800,HAPPY EVERYDAY,null,null,null
324,324m,20 7 2004 14:08:26 +0800,2 3 2013 03:07:23 +0800,HAPPY EVERYDAY,null,null,null
566,566u,2 11 2009 13:26:50 +0800,4 11 2008 05:49:48 +0800,HAPPY EVERYDAY,null,null,null
325,325n,25 3 2000 07:42:03 +0800,29 10 2021 12:20:27 +0800,HAPPY EVERYDAY,null,null,null
567,567v,6 11 2010 20:56:04 +0800,2 12 2021 16:59:28 +0800,HAPPY EVERYDAY,null,null,null
326,326o,5 9 2019 10:20:59 +0800,5 1 2013 03:03:00 +0800,HAPPY EVERYDAY,null,null,null
568,568w,16 4 2020 05:48:22 +0800,23 11 2021 10:20:03 +0800,HAPPY EVERYDAY,null,null,null
327,327p,2 1 2007 12:26:52 +0800,27 9 2018 19:49:52 +0800,HAPPY EVERYDAY,null,null,null
569,569x,10 3 2021 04:28:17 +0800,1 3 2010 16:17:12 +0800,HAPPY EVERYDAY,null,null,null
328,328q,12 2 2003 05:36:52 +0800,1 4 2015 10:04:57 +0800,HAPPY EVERYDAY,null,null,null
329,329r,10 5 2013 09:09:41 +0800,14 4 2021 17:36:16 +0800,HAPPY EVERYDAY,null,null,null
570,570y,23 6 2003 08:25:26 +0800,1 4 2014 00:20:19 +0800,HAPPY EVERYDAY,null,null,null
571,571z,7 5 2010 23:39:49 +0800,15 3 2011 17:20:16 +0800,HAPPY EVERYDAY,null,null,null
330,330s,21 6 2002 07:08:59 +0800,22 10 2004 19:00:39 +0800,HAPPY EVERYDAY,null,null,null
572,572a,2 4 2003 01:24:26 +0800,16 6 2017 08:18:40 +0800,HAPPY EVERYDAY,null,null,null
331,331t,1 5 2004 09:21:19 +0800,28 4 2022 10:36:32 +0800,HAPPY EVERYDAY,null,null,null
573,573b,3 10 2010 15:19:32 +0800,21 4 2017 02:28:48 +0800,HAPPY EVERYDAY,null,null,null
332,332u,21 6 2021 20:54:34 +0800,28 10 2011 23:17:57 +0800,HAPPY EVERYDAY,null,null,null
574,574c,29 3 2016 19:07:48 +0800,15 8 2021 15:53:33 +0800,HAPPY EVERYDAY,null,null,null
333,333v,23 2 2016 23:07:50 +0800,19 11 2014 04:51:18 +0800,HAPPY EVERYDAY,null,null,null
575,575d,3 8 2014 20:39:53 +0800,19 11 2000 04:30:46 +0800,HAPPY EVERYDAY,null,null,null
334,334w,6 2 2018 04:22:20 +0800,22 4 2021 23:14:46 +0800,HAPPY EVERYDAY,null,null,null
576,576e,26 3 2020 19:59:19 +0800,20 4 2022 01:25:30 +0800,HAPPY EVERYDAY,null,null,null
335,335x,6 5 2013 06:27:13 +0800,19 5 2002 00:15:21 +0800,HAPPY EVERYDAY,null,null,null
577,577f,21 11 2021 07:30:27 +0800,3 6 2020 18:16:39 +0800,HAPPY EVERYDAY,null,null,null
336,336y,4 5 2017 13:18:19 +0800,10 10 2020 08:14:16 +0800,HAPPY EVERYDAY,null,null,null
578,578g,19 9 2018 05:04:05 +0800,21 7 2012 19:44:02 +0800,HAPPY EVERYDAY,null,null,null
337,337z,28 5 2001 02:01:31 +0800,1 1 2017 00:10:51 +0800,HAPPY EVERYDAY,null,null,null
579,579h,24 7 2000 15:16:33 +0800,26 9 2011 15:07:46 +0800,HAPPY EVERYDAY,null,null,null
338,338a,24 9 2021 00:32:49 +0800,8 9 2019 02:27:22 +0800,HAPPY EVERYDAY,null,null,null
339,339b,28 7 2015 05:02:01 +0800,7 4 2013 13:19:50 +0800,HAPPY EVERYDAY,null,null,null
580,580i,17 10 2007 23:24:25 +0800,21 5 2005 01:04:16 +0800,HAPPY EVERYDAY,null,null,null
581,581j,23 6 2008 09:29:48 +0800,19 9 2010 02:37:18 +0800,HAPPY EVERYDAY,null,null,null
340,340c,21 8 2004 02:06:05 +0800,12 6 2015 20:40:36 +0800,HAPPY EVERYDAY,null,null,null
582,582k,26 2 2021 00:57:04 +0800,9 12 2022 02:41:31 +0800,HAPPY EVERYDAY,null,null,null
341,341d,25 11 2003 10:06:54 +0800,25 10 2011 20:49:55 +0800,HAPPY EVERYDAY,null,null,null
583,583l,3 2 2012 13:32:40 +0800,27 9 2018 11:00:04 +0800,HAPPY EVERYDAY,null,null,null
100,100w,29 9 2007 21:15:55 +0800,19 10 2012 09:25:41 +0800,HAPPY EVERYDAY,null,null,null
342,342e,14 6 2001 17:27:45 +0800,26 9 2015 18:46:40 +0800,HAPPY EVERYDAY,null,null,null
584,584m,18 10 2009 09:50:02 +0800,11 7 2018 05:57:32 +0800,HAPPY EVERYDAY,null,null,null
101,101x,19 10 2014 23:32:07 +0800,10 1 2014 23:27:22 +0800,HAPPY EVERYDAY,null,null,null
343,343f,15 3 2007 14:11:36 +0800,18 3 2019 00:59:49 +0800,HAPPY EVERYDAY,null,null,null
585,585n,1 10 2019 16:49:13 +0800,8 7 2012 00:10:16 +0800,HAPPY EVERYDAY,null,null,null
102,102y,20 3 2018 17:20:18 +0800,6 2 2017 03:54:11 +0800,HAPPY EVERYDAY,null,null,null
344,344g,3 1 2007 22:48:33 +0800,23 4 2014 10:59:18 +0800,HAPPY EVERYDAY,null,null,null
586,586o,3 5 2001 19:36:38 +0800,22 10 2020 11:40:10 +0800,HAPPY EVERYDAY,null,null,null
103,103z,26 5 2003 04:24:26 +0800,8 11 2009 10:07:08 +0800,HAPPY EVERYDAY,null,null,null
345,345h,18 10 2003 03:19:37 +0800,5 11 2010 01:08:24 +0800,HAPPY EVERYDAY,null,null,null
587,587p,28 7 2001 17:05:55 +0800,2 5 2017 03:58:43 +0800,HAPPY EVERYDAY,null,null,null
104,104a,28 5 2017 08:56:39 +0800,13 8 2011 21:32:52 +0800,HAPPY EVERYDAY,null,null,null
346,346i,21 2 2018 14:26:39 +0800,23 2 2020 17:24:24 +0800,HAPPY EVERYDAY,null,null,null
588,588q,28 8 2019 10:18:10 +0800,12 4 2014 16:21:16 +0800,HAPPY EVERYDAY,null,null,null
105,105b,6 1 2000 16:36:52 +0800,30 9 2017 03:38:43 +0800,HAPPY EVERYDAY,null,null,null
347,347j,15 5 2002 09:34:37 +0800,18 3 2006 07:05:07 +0800,HAPPY EVERYDAY,null,null,null
589,589r,25 9 2014 01:50:39 +0800,9 3 2010 18:02:47 +0800,HAPPY EVERYDAY,null,null,null
106,106c,2 11 2018 18:08:44 +0800,21 10 2018 11:54:58 +0800,HAPPY EVERYDAY,null,null,null
348,348k,4 10 2004 16:19:36 +0800,20 12 2020 11:56:29 +0800,HAPPY EVERYDAY,null,null,null
107,107d,29 8 2016 12:34:53 +0800,17 1 2022 15:55:40 +0800,HAPPY EVERYDAY,null,null,null
349,349l,21 1 2021 05:59:57 +0800,7 7 2021 09:48:47 +0800,HAPPY EVERYDAY,null,null,null
108,108e,5 10 2011 23:13:53 +0800,12 4 2013 11:24:21 +0800,HAPPY EVERYDAY,null,null,null
109,109f,22 10 2015 17:05:18 +0800,30 5 2020 07:34:52 +0800,HAPPY EVERYDAY,null,null,null
590,590s,29 9 2010 07:47:01 +0800,2 1 2017 02:02:20 +0800,HAPPY EVERYDAY,null,null,null
591,591t,15 9 2011 03:13:10 +0800,13 1 2017 13:10:23 +0800,HAPPY EVERYDAY,null,null,null
350,350m,8 10 2018 09:47:58 +0800,22 9 2015 09:04:49 +0800,HAPPY EVERYDAY,null,null,null
592,592u,26 7 2007 06:06:55 +0800,26 5 2012 06:26:05 +0800,HAPPY EVERYDAY,null,null,null
351,351n,4 10 2012 12:47:32 +0800,25 11 2019 21:41:13 +0800,HAPPY EVERYDAY,null,null,null
593,593v,26 10 2005 21:37:50 +0800,5 11 2012 14:21:25 +0800,HAPPY EVERYDAY,null,null,null
110,110g,21 4 2006 01:20:35 +0800,9 11 2015 04:30:04 +0800,HAPPY EVERYDAY,null,null,null
352,352o,13 10 2007 00:57:57 +0800,24 5 2004 00:15:34 +0800,HAPPY EVERYDAY,null,null,null
594,594w,5 10 2001 16:18:56 +0800,7 11 2007 12:59:12 +0800,HAPPY EVERYDAY,null,null,null
111,111h,10 9 2008 09:01:19 +0800,18 9 2009 08:25:57 +0800,HAPPY EVERYDAY,null,null,null
353,353p,28 2 2013 11:50:31 +0800,20 3 2021 19:11:16 +0800,HAPPY EVERYDAY,null,null,null
595,595x,10 10 2017 14:38:58 +0800,8 4 2007 17:53:10 +0800,HAPPY EVERYDAY,null,null,null
112,112i,28 4 2017 07:40:26 +0800,23 1 2009 08:40:23 +0800,HAPPY EVERYDAY,null,null,null
354,354q,10 7 2012 22:16:01 +0800,27 11 2015 20:40:30 +0800,HAPPY EVERYDAY,null,null,null
596,596y,16 5 2013 15:51:53 +0800,5 6 2021 04:16:08 +0800,HAPPY EVERYDAY,null,null,null
113,113j,19 1 2010 15:27:11 +0800,8 5 2020 07:35:17 +0800,HAPPY EVERYDAY,null,null,null
355,355r,17 5 2006 10:00:32 +0800,12 4 2009 10:46:28 +0800,HAPPY EVERYDAY,null,null,null
597,597z,3 11 2007 09:01:51 +0800,24 10 2020 21:49:15 +0800,HAPPY EVERYDAY,null,null,null
114,114k,8 7 2019 07:04:57 +0800,10 11 2017 04:47:47 +0800,HAPPY EVERYDAY,null,null,null
356,356s,16 3 2021 04:52:23 +0800,11 6 2017 05:47:44 +0800,HAPPY EVERYDAY,null,null,null
598,598a,24 10 2007 09:41:46 +0800,7 7 2014 08:16:32 +0800,HAPPY EVERYDAY,null,null,null
115,115l,26 4 2001 03:36:35 +0800,1 10 2007 10:53:25 +0800,HAPPY EVERYDAY,null,null,null
357,357t,29 6 2016 04:49:42 +0800,10 2 2013 19:16:58 +0800,HAPPY EVERYDAY,null,null,null
599,599b,26 7 2006 00:36:41 +0800,5 6 2018 16:03:12 +0800,HAPPY EVERYDAY,null,null,null
116,116m,18 5 2004 09:40:05 +0800,27 9 2018 10:59:50 +0800,HAPPY EVERYDAY,null,null,null
358,358u,2 5 2011 09:43:51 +0800,26 8 2007 08:29:56 +0800,HAPPY EVERYDAY,null,null,null
117,117n,7 3 2014 05:41:27 +0800,29 1 2017 08:35:16 +0800,HAPPY EVERYDAY,null,null,null
359,359v,12 4 2004 03:04:42 +0800,28 10 2017 06:50:51 +0800,HAPPY EVERYDAY,null,null,null
118,118o,15 3 2012 09:50:16 +0800,19 6 2019 13:47:34 +0800,HAPPY EVERYDAY,null,null,null
119,119p,22 9 2016 20:55:40 +0800,24 6 2014 12:58:53 +0800,HAPPY EVERYDAY,null,null,null
10,10k,29 7 2011 17:37:03 +0800,3 7 2013 12:33:01 +0800,HAPPY EVERYDAY,null,null,null
11,11l,21 1 2007 16:38:38 +0800,23 9 2018 04:55:11 +0800,HAPPY EVERYDAY,null,null,null
12,12m,26 2 2015 13:50:42 +0800,14 11 2021 22:56:11 +0800,HAPPY EVERYDAY,null,null,null
13,13n,2 8 2012 06:00:43 +0800,12 11 2008 11:08:45 +0800,HAPPY EVERYDAY,null,null,null
14,14o,17 10 2012 07:01:08 +0800,2 5 2016 06:21:34 +0800,HAPPY EVERYDAY,null,null,null
15,15p,27 10 2008 09:27:12 +0800,23 10 2015 03:40:48 +0800,HAPPY EVERYDAY,null,null,null
16,16q,1 11 2000 22:35:34 +0800,10 6 2011 07:16:58 +0800,HAPPY EVERYDAY,null,null,null
17,17r,28 3 2014 10:54:05 +0800,4 11 2018 04:16:07 +0800,HAPPY EVERYDAY,null,null,null
18,18s,29 10 2007 13:29:58 +0800,6 6 2009 22:48:22 +0800,HAPPY EVERYDAY,null,null,null
19,19t,16 6 2016 13:36:01 +0800,12 6 2004 08:50:25 +0800,HAPPY EVERYDAY,null,null,null
360,360w,7 2 2005 01:31:22 +0800,15 4 2013 22:27:44 +0800,HAPPY EVERYDAY,null,null,null
361,361x,19 5 2018 06:45:43 +0800,15 5 2014 16:12:56 +0800,HAPPY EVERYDAY,null,null,null
120,120q,29 2 2012 14:31:18 +0800,12 3 2015 09:53:40 +0800,HAPPY EVERYDAY,null,null,null
362,362y,26 9 2011 05:23:08 +0800,10 4 2007 22:11:25 +0800,HAPPY EVERYDAY,null,null,null
121,121r,13 2 2006 00:14:13 +0800,12 7 2009 13:19:54 +0800,HAPPY EVERYDAY,null,null,null
363,363z,5 4 2003 12:30:31 +0800,8 9 2016 19:15:35 +0800,HAPPY EVERYDAY,null,null,null
122,122s,26 2 2006 06:43:29 +0800,13 4 2016 15:03:16 +0800,HAPPY EVERYDAY,null,null,null
364,364a,13 9 2003 00:23:43 +0800,14 9 2006 13:42:10 +0800,HAPPY EVERYDAY,null,null,null
123,123t,15 11 2007 23:23:02 +0800,17 11 2021 14:49:46 +0800,HAPPY EVERYDAY,null,null,null
365,365b,6 8 2015 22:13:20 +0800,8 11 2014 08:43:08 +0800,HAPPY EVERYDAY,null,null,null
124,124u,9 8 2013 23:25:49 +0800,12 7 2016 22:25:22 +0800,HAPPY EVERYDAY,null,null,null
366,366c,19 4 2010 18:11:29 +0800,1 12 2011 14:17:11 +0800,HAPPY EVERYDAY,null,null,null
125,125v,7 7 2014 02:50:37 +0800,4 5 2010 19:55:59 +0800,HAPPY EVERYDAY,null,null,null
367,367d,2 4 2015 13:37:42 +0800,9 11 2003 01:09:04 +0800,HAPPY EVERYDAY,null,null,null
126,126w,27 9 2010 01:19:03 +0800,11 7 2020 01:39:22 +0800,HAPPY EVERYDAY,null,null,null
368,368e,27 2 2003 04:51:09 +0800,27 6 2016 02:37:31 +0800,HAPPY EVERYDAY,null,null,null
127,127x,22 9 2016 02:07:08 +0800,23 12 2020 05:59:07 +0800,HAPPY EVERYDAY,null,null,null
369,369f,3 3 2016 05:44:48 +0800,18 11 2014 22:11:30 +0800,HAPPY EVERYDAY,null,null,null
128,128y,16 6 2019 18:29:02 +0800,9 1 2019 00:05:51 +0800,HAPPY EVERYDAY,null,null,null
129,129z,18 1 2018 09:51:16 +0800,30 12 2018 16:17:47 +0800,HAPPY EVERYDAY,null,null,null
20,20u,18 7 2001 21:59:16 +0800,6 5 2016 09:29:15 +0800,HAPPY EVERYDAY,null,null,null
21,21v,17 4 2018 00:06:26 +0800,12 9 2019 18:07:03 +0800,HAPPY EVERYDAY,null,null,null
22,22w,25 3 2001 09:18:56 +0800,2 3 2013 21:30:46 +0800,HAPPY EVERYDAY,null,null,null
23,23x,11 8 2017 20:49:54 +0800,8 1 2007 00:05:44 +0800,HAPPY EVERYDAY,null,null,null
24,24y,26 7 2015 16:46:46 +0800,21 10 2017 06:00:33 +0800,HAPPY EVERYDAY,null,null,null
25,25z,10 8 2007 18:34:35 +0800,19 3 2020 03:55:39 +0800,HAPPY EVERYDAY,null,null,null
26,26a,11 7 2018 02:18:03 +0800,30 10 2018 20:42:28 +0800,HAPPY EVERYDAY,null,null,null
27,27b,6 7 2004 21:53:50 +0800,6 7 2019 19:26:37 +0800,HAPPY EVERYDAY,null,null,null
28,28c,9 7 2011 10:10:27 +0800,2 5 2011 13:27:26 +0800,HAPPY EVERYDAY,null,null,null
29,29d,27 11 2009 11:08:50 +0800,4 12 2011 21:44:58 +0800,HAPPY EVERYDAY,null,null,null
370,370g,2 1 2004 06:32:56 +0800,13 10 2022 00:17:47 +0800,HAPPY EVERYDAY,null,null,null
371,371h,27 6 2020 11:24:44 +0800,30 10 2013 12:19:13 +0800,HAPPY EVERYDAY,null,null,null
130,130a,25 11 2017 17:07:01 +0800,6 8 2019 08:55:05 +0800,HAPPY EVERYDAY,null,null,null
372,372i,8 6 2005 10:18:37 +0800,3 7 2022 02:28:52 +0800,HAPPY EVERYDAY,null,null,null
131,131b,12 11 2015 21:47:11 +0800,13 4 2019 13:13:30 +0800,HAPPY EVERYDAY,null,null,null
373,373j,26 8 2014 01:44:41 +0800,21 12 2011 05:39:17 +0800,HAPPY EVERYDAY,null,null,null
132,132c,18 3 2004 23:18:45 +0800,19 2 2012 12:40:19 +0800,HAPPY EVERYDAY,null,null,null
374,374k,20 11 2001 07:46:33 +0800,29 10 2021 00:43:08 +0800,HAPPY EVERYDAY,null,null,null
133,133d,8 10 2001 11:31:13 +0800,22 9 2007 19:31:54 +0800,HAPPY EVERYDAY,null,null,null
375,375l,15 3 2003 15:09:44 +0800,29 11 2020 05:16:03 +0800,HAPPY EVERYDAY,null,null,null
134,134e,13 2 2012 20:23:28 +0800,22 12 2000 21:02:27 +0800,HAPPY EVERYDAY,null,null,null
376,376m,25 11 2007 22:35:45 +0800,10 5 2019 19:50:21 +0800,HAPPY EVERYDAY,null,null,null
135,135f,24 9 2015 03:39:11 +0800,15 6 2022 07:53:34 +0800,HAPPY EVERYDAY,null,null,null
377,377n,20 9 2019 21:26:29 +0800,18 5 2003 05:28:46 +0800,HAPPY EVERYDAY,null,null,null
136,136g,26 5 2006 18:19:39 +0800,4 12 2015 05:43:10 +0800,HAPPY EVERYDAY,null,null,null
378,378o,7 3 2005 21:24:27 +0800,25 1 2018 21:06:04 +0800,HAPPY EVERYDAY,null,null,null
137,137h,28 9 2010 05:47:10 +0800,4 9 2006 09:13:37 +0800,HAPPY EVERYDAY,null,null,null
379,379p,24 11 2018 08:00:25 +0800,5 4 2019 02:27:36 +0800,HAPPY EVERYDAY,null,null,null
138,138i,25 7 2006 09:17:01 +0800,14 9 2020 12:58:45 +0800,HAPPY EVERYDAY,null,null,null
139,139j,19 7 2011 14:57:46 +0800,7 5 2022 04:47:16 +0800,HAPPY EVERYDAY,null,null,null
30,30e,6 4 2001 12:19:50 +0800,12 6 2014 13:23:24 +0800,HAPPY EVERYDAY,null,null,null
31,31f,15 9 2001 13:26:19 +0800,22 1 2021 20:18:34 +0800,HAPPY EVERYDAY,null,null,null
32,32g,11 6 2006 17:34:45 +0800,1 12 2014 21:49:25 +0800,HAPPY EVERYDAY,null,null,null
33,33h,16 5 2019 14:43:57 +0800,28 4 2009 12:06:05 +0800,HAPPY EVERYDAY,null,null,null
34,34i,13 7 2016 06:33:25 +0800,17 6 2009 11:11:21 +0800,HAPPY EVERYDAY,null,null,null
35,35j,7 7 2002 09:35:04 +0800,17 10 2017 12:23:26 +0800,HAPPY EVERYDAY,null,null,null
36,36k,26 11 2012 17:05:42 +0800,6 6 2005 05:06:35 +0800,HAPPY EVERYDAY,null,null,null
37,37l,18 5 2008 04:13:26 +0800,21 12 2006 02:05:31 +0800,HAPPY EVERYDAY,null,null,null
38,38m,17 5 2020 11:11:46 +0800,26 10 2020 20:33:37 +0800,HAPPY EVERYDAY,null,null,null
39,39n,2 1 2012 16:36:30 +0800,13 9 2017 06:08:59 +0800,HAPPY EVERYDAY,null,null,null
380,380q,23 5 2013 21:53:00 +0800,18 11 2005 18:13:20 +0800,HAPPY EVERYDAY,null,null,null
381,381r,25 1 2013 09:03:35 +0800,9 11 2021 15:09:36 +0800,HAPPY EVERYDAY,null,null,null
140,140k,16 8 2004 10:32:19 +0800,1 7 2018 19:54:20 +0800,HAPPY EVERYDAY,null,null,null
382,382s,6 11 2004 02:23:08 +0800,16 4 2020 10:12:23 +0800,HAPPY EVERYDAY,null,null,null
141,141l,1 11 2010 10:09:26 +0800,14 10 2016 10:03:49 +0800,HAPPY EVERYDAY,null,null,null
383,383t,22 4 2016 11:06:19 +0800,25 10 2019 00:00:44 +0800,HAPPY EVERYDAY,null,null,null
142,142m,15 2 2014 04:46:15 +0800,8 9 2013 01:58:12 +0800,HAPPY EVERYDAY,null,null,null
384,384u,25 1 2010 22:25:54 +0800,6 9 2008 16:25:32 +0800,HAPPY EVERYDAY,null,null,null
143,143n,3 4 2006 09:41:36 +0800,26 8 2015 05:25:07 +0800,HAPPY EVERYDAY,null,null,null
385,385v,8 1 2013 20:43:14 +0800,14 4 2016 05:42:59 +0800,HAPPY EVERYDAY,null,null,null
144,144o,2 10 2019 02:39:37 +0800,9 11 2016 18:27:32 +0800,HAPPY EVERYDAY,null,null,null
386,386w,27 2 2009 01:36:15 +0800,26 5 2018 12:47:07 +0800,HAPPY EVERYDAY,null,null,null
145,145p,28 1 2013 01:08:33 +0800,15 1 2011 07:03:48 +0800,HAPPY EVERYDAY,null,null,null
387,387x,17 8 2004 15:50:41 +0800,3 6 2019 07:12:22 +0800,HAPPY EVERYDAY,null,null,null
146,146q,16 1 2016 23:15:08 +0800,8 1 2016 17:04:17 +0800,HAPPY EVERYDAY,null,null,null
388,388y,11 4 2002 19:55:17 +0800,12 7 2015 03:52:25 +0800,HAPPY EVERYDAY,null,null,null
147,147r,20 1 2007 21:17:07 +0800,27 10 2012 07:34:53 +0800,HAPPY EVERYDAY,null,null,null
389,389z,11 8 2014 03:41:54 +0800,16 7 2015 21:09:10 +0800,HAPPY EVERYDAY,null,null,null
148,148s,5 2 2001 04:39:28 +0800,21 6 2010 02:22:00 +0800,HAPPY EVERYDAY,null,null,null
149,149t,27 11 2018 17:54:23 +0800,14 4 2017 09:15:11 +0800,HAPPY EVERYDAY,null,null,null
40,40o,11 4 2003 17:46:13 +0800,13 4 2020 20:21:24 +0800,HAPPY EVERYDAY,null,null,null
41,41p,11 6 2006 21:11:25 +0800,29 6 2021 08:18:02 +0800,HAPPY EVERYDAY,null,null,null
42,42q,23 8 2003 19:33:32 +0800,5 11 2019 19:49:53 +0800,HAPPY EVERYDAY,null,null,null
43,43r,15 7 2014 11:56:14 +0800,20 7 2019 07:31:46 +0800,HAPPY EVERYDAY,null,null,null
44,44s,6 1 2000 20:03:34 +0800,22 11 2019 23:50:24 +0800,HAPPY EVERYDAY,null,null,null
45,45t,8 6 2009 02:56:49 +0800,20 12 2015 08:38:18 +0800,HAPPY EVERYDAY,null,null,null
46,46u,13 11 2006 04:36:09 +0800,9 12 2009 10:49:05 +0800,HAPPY EVERYDAY,null,null,null
47,47v,2 8 2021 18:00:35 +0800,20 4 2016 12:51:45 +0800,HAPPY EVERYDAY,null,null,null
48,48w,26 9 2003 20:31:52 +0800,19 7 2005 17:38:34 +0800,HAPPY EVERYDAY,null,null,null
49,49x,7 11 2004 00:50:21 +0800,11 8 2009 10:18:46 +0800,HAPPY EVERYDAY,null,null,null
390,390a,3 3 2006 16:45:52 +0800,26 8 2010 14:05:59 +0800,HAPPY EVERYDAY,null,null,null
391,391b,15 6 2005 01:29:00 +0800,23 11 2019 06:05:50 +0800,HAPPY EVERYDAY,null,null,null
150,150u,17 2 2006 10:14:07 +0800,16 4 2020 08:14:31 +0800,HAPPY EVERYDAY,null,null,null
392,392c,16 5 2015 23:42:04 +0800,28 1 2013 19:55:10 +0800,HAPPY EVERYDAY,null,null,null
151,151v,20 7 2003 20:59:47 +0800,7 6 2015 16:36:49 +0800,HAPPY EVERYDAY,null,null,null
393,393d,19 6 2013 14:25:49 +0800,30 2 2010 19:55:43 +0800,HAPPY EVERYDAY,null,null,null
152,152w,1 3 2004 07:33:44 +0800,30 10 2015 11:40:49 +0800,HAPPY EVERYDAY,null,null,null
394,394e,10 8 2006 13:39:39 +0800,4 6 2015 16:05:08 +0800,HAPPY EVERYDAY,null,null,null
153,153x,10 10 2021 14:47:58 +0800,29 5 2019 05:39:01 +0800,HAPPY EVERYDAY,null,null,null
395,395f,4 6 2008 03:03:55 +0800,11 5 2010 08:43:11 +0800,HAPPY EVERYDAY,null,null,null
154,154y,25 9 2011 17:08:12 +0800,25 1 2014 00:55:27 +0800,HAPPY EVERYDAY,null,null,null
396,396g,11 1 2004 23:18:26 +0800,3 7 2019 15:15:04 +0800,HAPPY EVERYDAY,null,null,null
155,155z,10 8 2017 12:08:18 +0800,17 7 2019 06:14:41 +0800,HAPPY EVERYDAY,null,null,null
397,397h,17 5 2018 12:19:46 +0800,28 3 2017 06:30:16 +0800,HAPPY EVERYDAY,null,null,null
156,156a,23 5 2009 12:06:28 +0800,18 9 2014 05:23:51 +0800,HAPPY EVERYDAY,null,null,null
398,398i,5 1 2007 07:29:47 +0800,16 10 2017 18:35:51 +0800,HAPPY EVERYDAY,null,null,null
157,157b,7 6 2006 17:14:26 +0800,28 1 2020 22:46:28 +0800,HAPPY EVERYDAY,null,null,null
399,399j,13 3 2009 20:41:36 +0800,16 7 2018 22:31:28 +0800,HAPPY EVERYDAY,null,null,null
158,158c,27 6 2004 07:04:55 +0800,5 4 2021 17:57:12 +0800,HAPPY EVERYDAY,null,null,null
159,159d,9 4 2018 20:15:57 +0800,7 11 2015 02:30:00 +0800,HAPPY EVERYDAY,null,null,null
50,50y,18 3 2001 11:16:37 +0800,4 10 2012 12:43:21 +0800,HAPPY EVERYDAY,null,null,null
51,51z,20 11 2005 05:06:08 +0800,1 12 2012 18:22:13 +0800,HAPPY EVERYDAY,null,null,null
52,52a,23 4 2000 16:18:17 +0800,16 2 2019 16:35:04 +0800,HAPPY EVERYDAY,null,null,null
53,53b,1 4 2007 16:24:51 +0800,3 7 2014 03:18:07 +0800,HAPPY EVERYDAY,null,null,null
54,54c,3 7 2007 03:00:53 +0800,29 12 2013 22:40:57 +0800,HAPPY EVERYDAY,null,null,null
55,55d,9 9 2004 20:35:08 +0800,6 4 2011 05:29:44 +0800,HAPPY EVERYDAY,null,null,null
56,56e,29 7 2021 18:18:18 +0800,8 1 2021 11:02:19 +0800,HAPPY EVERYDAY,null,null,null
57,57f,20 1 2000 01:54:43 +0800,1 12 2007 17:49:19 +0800,HAPPY EVERYDAY,null,null,null
58,58g,23 1 2021 10:48:13 +0800,23 5 2015 03:03:25 +0800,HAPPY EVERYDAY,null,null,null
59,59h,22 7 2012 20:48:10 +0800,26 12 2005 22:14:21 +0800,HAPPY EVERYDAY,null,null,null
160,160e,27 4 2005 10:04:10 +0800,7 7 2021 02:55:08 +0800,HAPPY EVERYDAY,null,null,null
161,161f,12 1 2012 09:34:59 +0800,17 7 2005 05:30:18 +0800,HAPPY EVERYDAY,null,null,null
162,162g,18 7 2007 22:41:24 +0800,22 3 2010 06:00:23 +0800,HAPPY EVERYDAY,null,null,null
163,163h,15 2 2005 13:32:05 +0800,4 12 2011 05:35:55 +0800,HAPPY EVERYDAY,null,null,null
164,164i,7 2 2017 00:22:40 +0800,28 3 2021 15:21:31 +0800,HAPPY EVERYDAY,null,null,null
165,165j,6 6 2001 06:56:56 +0800,15 8 2017 15:11:26 +0800,HAPPY EVERYDAY,null,null,null
166,166k,22 9 2000 00:42:43 +0800,18 2 2010 10:01:23 +0800,HAPPY EVERYDAY,null,null,null
167,167l,29 11 2004 01:10:40 +0800,8 3 2021 13:26:50 +0800,HAPPY EVERYDAY,null,null,null
168,168m,5 10 2004 16:04:51 +0800,11 4 2010 02:04:18 +0800,HAPPY EVERYDAY,null,null,null
169,169n,24 4 2018 01:16:27 +0800,16 12 2013 22:38:20 +0800,HAPPY EVERYDAY,null,null,null
60,60i,8 3 2019 11:15:40 +0800,18 10 2019 06:28:18 +0800,HAPPY EVERYDAY,null,null,null
61,61j,1 6 2006 04:21:12 +0800,3 9 2016 11:32:27 +0800,HAPPY EVERYDAY,null,null,null
62,62k,25 8 2006 11:10:15 +0800,28 2 2017 11:00:18 +0800,HAPPY EVERYDAY,null,null,null
63,63l,16 6 2018 20:55:35 +0800,2 12 2020 00:49:24 +0800,HAPPY EVERYDAY,null,null,null
64,64m,8 3 2001 05:16:17 +0800,4 1 2021 23:07:11 +0800,HAPPY EVERYDAY,null,null,null
65,65n,25 2 2021 19:32:44 +0800,27 1 2019 12:53:32 +0800,HAPPY EVERYDAY,null,null,null
66,66o,12 1 2014 13:30:29 +0800,7 5 2020 09:00:47 +0800,HAPPY EVERYDAY,null,null,null
67,67p,27 8 2016 15:09:16 +0800,18 1 2013 22:41:48 +0800,HAPPY EVERYDAY,null,null,null
68,68q,4 9 2014 02:00:33 +0800,26 11 2013 17:00:49 +0800,HAPPY EVERYDAY,null,null,null
69,69r,8 1 2015 05:24:58 +0800,9 4 2013 13:55:55 +0800,HAPPY EVERYDAY,null,null,null
170,170o,16 8 2007 19:28:26 +0800,1 10 2008 18:03:45 +0800,HAPPY EVERYDAY,null,null,null
171,171p,12 1 2002 05:41:43 +0800,11 5 2020 15:28:47 +0800,HAPPY EVERYDAY,null,null,null
172,172q,4 10 2006 04:11:08 +0800,27 9 2010 14:03:44 +0800,HAPPY EVERYDAY,null,null,null
173,173r,22 1 2014 02:41:30 +0800,17 7 2020 17:41:04 +0800,HAPPY EVERYDAY,null,null,null
174,174s,7 10 2009 23:01:01 +0800,29 11 2010 20:47:45 +0800,HAPPY EVERYDAY,null,null,null
175,175t,16 7 2000 12:35:02 +0800,29 1 2011 02:43:07 +0800,HAPPY EVERYDAY,null,null,null
176,176u,5 10 2018 05:23:35 +0800,14 11 2019 23:32:18 +0800,HAPPY EVERYDAY,null,null,null
177,177v,12 7 2000 03:54:01 +0800,16 7 2018 13:53:43 +0800,HAPPY EVERYDAY,null,null,null
178,178w,16 5 2005 05:10:54 +0800,18 8 2010 10:51:54 +0800,HAPPY EVERYDAY,null,null,null
179,179x,3 1 2011 19:31:55 +0800,8 2 2020 21:02:09 +0800,HAPPY EVERYDAY,null,null,null
70,70s,23 4 2017 09:17:18 +0800,7 9 2020 23:36:21 +0800,HAPPY EVERYDAY,null,null,null
71,71t,7 8 2015 17:54:03 +0800,21 2 2016 10:24:04 +0800,HAPPY EVERYDAY,null,null,null
72,72u,1 9 2011 04:19:57 +0800,18 9 2019 11:24:31 +0800,HAPPY EVERYDAY,null,null,null
73,73v,16 11 2008 08:49:37 +0800,2 7 2022 20:07:58 +0800,HAPPY EVERYDAY,null,null,null
74,74w,22 3 2018 22:28:39 +0800,13 9 2015 15:22:32 +0800,HAPPY EVERYDAY,null,null,null
75,75x,29 9 2020 02:35:38 +0800,23 4 2022 03:16:07 +0800,HAPPY EVERYDAY,null,null,null
76,76y,23 1 2016 18:32:19 +0800,4 12 2022 08:52:11 +0800,HAPPY EVERYDAY,null,null,null
77,77z,29 11 2018 03:11:13 +0800,11 9 2014 01:57:50 +0800,HAPPY EVERYDAY,null,null,null
78,78a,4 11 2021 13:55:42 +0800,9 4 2022 11:51:53 +0800,HAPPY EVERYDAY,null,null,null
79,79b,27 11 2019 12:44:41 +0800,25 4 2009 11:56:24 +0800,HAPPY EVERYDAY,null,null,null
180,180y,13 11 2003 11:08:04 +0800,22 2 2010 22:23:44 +0800,HAPPY EVERYDAY,null,null,null
181,181z,16 1 2015 21:25:48 +0800,17 10 2018 11:30:32 +0800,HAPPY EVERYDAY,null,null,null
182,182a,24 6 2018 01:43:22 +0800,13 3 2015 15:23:04 +0800,HAPPY EVERYDAY,null,null,null
183,183b,5 6 2017 15:43:17 +0800,24 10 2020 07:59:39 +0800,HAPPY EVERYDAY,null,null,null
184,184c,7 4 2015 18:05:11 +0800,27 8 2010 18:21:24 +0800,HAPPY EVERYDAY,null,null,null
185,185d,7 9 2018 20:37:13 +0800,2 3 2020 16:05:24 +0800,HAPPY EVERYDAY,null,null,null
186,186e,13 9 2000 14:10:57 +0800,5 2 2016 10:10:18 +0800,HAPPY EVERYDAY,null,null,null
187,187f,15 8 2004 14:20:06 +0800,13 2 2019 22:37:16 +0800,HAPPY EVERYDAY,null,null,null
188,188g,14 3 2001 03:33:08 +0800,1 2 2009 16:46:57 +0800,HAPPY EVERYDAY,null,null,null
189,189h,27 5 2004 04:30:26 +0800,17 5 2009 12:13:16 +0800,HAPPY EVERYDAY,null,null,null
80,80c,17 9 2014 02:24:08 +0800,28 4 2019 18:25:45 +0800,HAPPY EVERYDAY,null,null,null
81,81d,11 10 2020 14:52:11 +0800,16 10 2012 23:04:04 +0800,HAPPY EVERYDAY,null,null,null
82,82e,22 10 2020 06:03:22 +0800,30 10 2015 12:12:01 +0800,HAPPY EVERYDAY,null,null,null
83,83f,25 5 2011 11:23:38 +0800,30 8 2012 16:05:59 +0800,HAPPY EVERYDAY,null,null,null
84,84g,20 2 2018 11:51:27 +0800,10 2 2013 02:09:26 +0800,HAPPY EVERYDAY,null,null,null
85,85h,29 6 2021 10:37:56 +0800,21 3 2014 01:08:12 +0800,HAPPY EVERYDAY,null,null,null
86,86i,1 2 2011 16:59:14 +0800,19 12 2006 13:35:40 +0800,HAPPY EVERYDAY,null,null,null
87,87j,24 1 2020 21:53:11 +0800,3 3 2013 05:02:38 +0800,HAPPY EVERYDAY,null,null,null
88,88k,29 1 2017 17:13:02 +0800,25 7 2022 17:29:24 +0800,HAPPY EVERYDAY,null,null,null
89,89l,26 6 2011 06:42:57 +0800,28 1 2021 06:02:28 +0800,HAPPY EVERYDAY,null,null,null
190,190i,21 6 2006 16:57:46 +0800,12 2 2009 20:47:28 +0800,HAPPY EVERYDAY,null,null,null
191,191j,14 8 2005 20:45:54 +0800,11 2 2014 13:55:38 +0800,HAPPY EVERYDAY,null,null,null
192,192k,6 4 2020 02:51:29 +0800,18 11 2017 21:08:56 +0800,HAPPY EVERYDAY,null,null,null
193,193l,26 8 2017 21:48:51 +0800,1 6 2004 23:47:15 +0800,HAPPY EVERYDAY,null,null,null
194,194m,29 4 2004 21:14:29 +0800,19 10 2019 03:21:28 +0800,HAPPY EVERYDAY,null,null,null
195,195n,26 9 2008 17:48:03 +0800,20 7 2004 12:31:38 +0800,HAPPY EVERYDAY,null,null,null
196,196o,21 3 2004 02:30:28 +0800,22 7 2009 10:24:17 +0800,HAPPY EVERYDAY,null,null,null
197,197p,6 11 2013 19:51:51 +0800,7 4 2017 09:47:01 +0800,HAPPY EVERYDAY,null,null,null
198,198q,6 2 2011 07:42:29 +0800,26 11 2019 09:05:25 +0800,HAPPY EVERYDAY,null,null,null
199,199r,10 2 2021 02:15:32 +0800,12 5 2017 16:13:23 +0800,HAPPY EVERYDAY,null,null,null
90,90m,6 5 2018 03:11:22 +0800,8 10 2021 07:35:58 +0800,HAPPY EVERYDAY,null,null,null
91,91n,8 6 2010 13:55:10 +0800,6 9 2010 20:15:10 +0800,HAPPY EVERYDAY,null,null,null
92,92o,25 10 2011 04:48:29 +0800,23 3 2019 09:34:15 +0800,HAPPY EVERYDAY,null,null,null
93,93p,13 4 2004 12:14:39 +0800,18 2 2013 16:29:26 +0800,HAPPY EVERYDAY,null,null,null
94,94q,26 9 2006 03:36:09 +0800,7 5 2017 01:22:30 +0800,HAPPY EVERYDAY,null,null,null
95,95r,25 7 2013 20:08:35 +0800,25 2 2006 21:09:49 +0800,HAPPY EVERYDAY,null,null,null
96,96s,20 5 2000 13:29:57 +0800,13 8 2021 13:57:35 +0800,HAPPY EVERYDAY,null,null,null
97,97t,13 11 2015 09:58:11 +0800,6 3 2010 02:35:28 +0800,HAPPY EVERYDAY,null,null,null
98,98u,22 3 2001 17:17:02 +0800,18 5 2014 19:35:10 +0800,HAPPY EVERYDAY,null,null,null
99,99v,26 7 2004 19:15:25 +0800,20 7 2013 16:30:15 +0800,HAPPY EVERYDAY,null,null,null
